dir,workDir,nrg,dnrg,nConv,irredKpts,aV,bV,cV,alpha,beta,gamma,vol,sxx,syy,szz,sxy,syz,szx
/gpfs/scratch/vkb5066/cu2cdgex4_1.8.2021/elas/initRel/x0000,x0000,-58.9406404,-0.0000003,2,226,5.846696811,5.846187131,11.25362797,89.99977082,89.99983981,90.00006367,384.6589483,-0.00317,0.02027,0.0387,-0.00528,0.00113,-0.00065
/gpfs/scratch/vkb5066/tetraTetra/elas/initRel/x0125,x0125,-59.65832061,0,1,226,5.807885053,5.807838826,11.17655682,89.8287421,89.82866397,89.9478927,376.9958152,0.01296,0.01296,0.01209,0.00778,-0.00212,0.0018
/gpfs/scratch/vkb5066/tetraTetra/elas/initRel/x0250,x0250,-60.38334913,0,1,226,5.767216183,5.777361464,11.09033086,89.62302083,89.99977611,89.9995887,369.5139767,0.01786,0.01997,0.01614,-0.00266,0.00049,-0.00014
/gpfs/scratch/vkb5066/tetraTetra/elas/initRel/x0375,x0375,-61.0925189,0,1,226,5.735309765,5.735332127,11.01575872,89.80627236,89.80604419,89.95304109,362.3470595,0.00882,0.00887,0.01318,-0.00128,0.0016,-0.00152
/gpfs/scratch/vkb5066/tetraTetra/elas/initRel/x0500,x0500,-61.81863152,0,1,226,5.699864241,5.69985869,10.93666826,89.99968111,89.99965633,89.99904583,355.3150797,0.00041,0.00067,0.00028,-0.00039,-0.00586,-0.00507
/gpfs/scratch/vkb5066/tetraTetra/elas/initRel/x0625,x0625,-62.59556638,0,1,226,5.659911513,5.659896316,10.86676621,89.82617773,89.82591351,89.88867422,348.1076803,0.01841,0.01837,0.01263,-0.00319,0.00429,-0.00518
/gpfs/scratch/vkb5066/tetraTetra/elas/initRel/x0750,x0750,-63.37989913,0,1,226,5.616290328,5.629186809,10.78870699,89.62118336,90.00006479,89.99871045,341.079104,0.02577,0.0369,0.03385,-0.00044,0.02618,-0.00005
/gpfs/scratch/vkb5066/tetraTetra/elas/initRel/x0875,x0875,-64.15275983,0,1,226,5.584982973,5.584993077,10.71860006,89.80595473,89.80558972,89.95456525,334.3316035,0.01279,0.01283,0.01307,-0.00069,0.00149,-0.00194
/gpfs/scratch/vkb5066/tetraTetra/elas/initRel/x1000,x1000,-64.94252179,0,1,226,5.549097273,5.549066192,10.64435311,89.99981067,90.00005493,89.99958207,327.7642002,0.01117,0.01175,0.01918,-0.00027,0.00014,0.00009
/gpfs/scratch/vkb5066/cu2cdgex4_1.8.2021/elas/x0000/1/n0.001,n0.001,-58.94052819,-0.00000078,3,226,5.840850114,5.846187131,11.25362797,89.99977082,89.99983643,90.00007348,384.2742893,0.764,0.49352,0.4994,-0.00659,0.00157,-0.00058
/gpfs/scratch/vkb5066/cu2cdgex4_1.8.2021/elas/x0000/1/n0.002,n0.002,-58.9402345,-0.00000137,5,226,5.835003417,5.846187131,11.25362797,89.99977082,89.99983305,90.00006874,383.8896304,1.53132,0.97609,0.97162,0.00523,0.00096,-0.00045
/gpfs/scratch/vkb5066/cu2cdgex4_1.8.2021/elas/x0000/1/p0.001,p0.001,-58.94056741,-0.00000059,3,226,5.852543507,5.846187131,11.25362797,89.99977082,89.99984318,90.00005386,385.0436072,-0.7705,-0.45349,-0.42421,-0.00716,0.0026,-0.00034
/gpfs/scratch/vkb5066/cu2cdgex4_1.8.2021/elas/x0000/1/p0.002,p0.002,-58.94031475,-0.00000056,10,226,5.858390204,5.846187131,11.25362797,89.99977082,89.99984655,90.00004407,385.4282662,-1.52375,-0.93472,-0.88257,-0.00135,0.00339,-0.00021
/gpfs/scratch/vkb5066/cu2cdgex4_1.8.2021/elas/x0000/2/n0.001,n0.001,-58.94052248,-0.00000074,3,226,5.846696811,5.840340944,11.25362797,89.99976278,89.9998398,90.00005385,384.2742893,0.47061,0.78797,0.5,-0.0066,0.00175,-0.00071
/gpfs/scratch/vkb5066/cu2cdgex4_1.8.2021/elas/x0000/2/n0.002,n0.002,-58.94022296,-0.00000124,5,226,5.846696811,5.834494757,11.25362797,89.99975473,89.9998398,90.00004403,383.8896304,0.95239,1.55514,0.97178,0.00476,0.00163,-0.00101
/gpfs/scratch/vkb5066/cu2cdgex4_1.8.2021/elas/x0000/2/p0.001,p0.001,-58.94057264,-0.00000064,3,226,5.846696811,5.852033318,11.25362797,89.99977886,89.99983981,90.00007347,385.0436072,-0.47683,-0.74643,-0.42398,-0.00717,0.00231,-0.00016
/gpfs/scratch/vkb5066/cu2cdgex4_1.8.2021/elas/x0000/2/p0.002,p0.002,-58.94032591,-0.00000056,10,226,5.846696811,5.857879505,11.25362797,89.99978688,89.99983981,90.00006878,385.4282662,-0.96016,-1.50005,-0.88398,-0.00123,0.0028,0.00023
/gpfs/scratch/vkb5066/cu2cdgex4_1.8.2021/elas/x0000/3/n0.001,n0.001,-58.94040805,-0.00000166,3,226,5.846696811,5.846187131,11.24237434,89.99977886,89.99984318,90.00006367,384.2742893,0.44526,0.46866,0.73694,-0.00878,0.00127,-0.00068
/gpfs/scratch/vkb5066/cu2cdgex4_1.8.2021/elas/x0000/3/n0.002,n0.002,-58.94013016,-0.0000004,4,226,5.846696811,5.846187131,11.23112071,89.99978691,89.99984656,90.00006367,383.8896304,0.90922,0.93268,1.43225,-0.01001,0.00136,-0.00073
/gpfs/scratch/vkb5066/cu2cdgex4_1.8.2021/elas/x0000/3/p0.001,p0.001,-58.94058477,-0.00000149,3,226,5.846696811,5.846187131,11.2648816,89.99976279,89.99983643,90.00006367,385.0436072,-0.46423,-0.44087,-0.6613,-0.00607,0.00175,-0.00055
/gpfs/scratch/vkb5066/cu2cdgex4_1.8.2021/elas/x0000/3/p0.002,p0.002,-58.94036014,-0.00000567,3,226,5.846696811,5.846187131,11.27613523,89.99975477,89.99983306,90.00006367,385.4282662,-0.92014,-0.89652,-1.35994,-0.00575,0.00178,-0.00057
/gpfs/scratch/vkb5066/cu2cdgex4_1.8.2021/elas/x0000/4/n0.001,n0.001,-58.94048602,-0.00000073,6,226,5.84669876,5.846192854,11.25363583,89.88517921,89.99983001,90.00006728,384.6589483,-0.00579,0.01883,0.03784,-0.00334,0.63464,-0.00087
/gpfs/scratch/vkb5066/cu2cdgex4_1.8.2021/elas/x0000/4/n0.002,n0.002,-58.94004005,-0.00000131,11,226,5.846704606,5.84620832,11.25366244,89.77058782,89.99982021,90.00007091,384.6589483,-0.00899,0.01649,0.0354,0.00172,1.25434,-0.00114
/gpfs/scratch/vkb5066/cu2cdgex4_1.8.2021/elas/x0000/4/p0.001,p0.001,-58.94048955,-0.0000005,9,226,5.84669876,5.846191151,11.25363887,89.8857896,89.9998496,90.00006006,384.6589483,-0.00375,0.01963,0.0392,-0.00131,-0.62512,-0.00008
/gpfs/scratch/vkb5066/cu2cdgex4_1.8.2021/elas/x0000/4/p0.002,p0.002,-58.94004361,-0.00000119,10,226,5.846704606,5.846204916,11.25366852,89.77119821,89.99985939,90.00005646,384.6589483,-0.00677,0.01678,0.03589,0.00137,-1.25083,0.00021
/gpfs/scratch/vkb5066/cu2cdgex4_1.8.2021/elas/x0000/5/n0.001,n0.001,-58.94048732,-0.00000077,7,226,5.846701314,5.84618908,11.25363796,89.999761,89.88572062,90.00005532,384.6589483,-0.00514,0.01781,0.03771,-0.00346,0.0014,0.63216
/gpfs/scratch/vkb5066/cu2cdgex4_1.8.2021/elas/x0000/5/n0.002,n0.002,-58.94004274,-0.00000009,14,226,5.846715562,5.846194926,11.25366671,89.99975117,89.77112923,90.00004696,384.6589483,-0.00997,0.01333,0.03333,-0.00659,0.00132,1.25105
/gpfs/scratch/vkb5066/cu2cdgex4_1.8.2021/elas/x0000/5/p0.001,p0.001,-58.9404868,-0.00000077,6,226,5.846702051,5.846189079,11.25363673,89.99978064,89.88524819,90.000072,384.6589483,-0.00498,0.01863,0.03775,-0.0031,0.00208,-0.63319
/gpfs/scratch/vkb5066/cu2cdgex4_1.8.2021/elas/x0000/5/p0.002,p0.002,-58.94004071,-0.00000099,12,226,5.846717037,5.846194926,11.25366425,89.99979045,89.7706568,90.00007171,384.6589483,-0.00729,0.01713,0.03575,0.00224,0.00277,-1.25391
/gpfs/scratch/vkb5066/cu2cdgex4_1.8.2021/elas/x0000/6/n0.001,n0.001,-58.94048541,-0.00000078,11,226,5.846702683,5.846191001,11.25363172,89.99977397,89.99984754,89.88549676,384.6589483,-0.00647,0.01704,0.03521,0.64804,0.00196,-0.00067
/gpfs/scratch/vkb5066/cu2cdgex4_1.8.2021/elas/x0000/6/n0.002,n0.002,-58.94001678,-0.00000197,11,226,5.846718299,5.846204614,11.25364297,89.99977712,89.99985528,89.77090537,384.6589483,-0.0056,0.01792,0.03549,1.30195,0.00192,-0.00077
/gpfs/scratch/vkb5066/cu2cdgex4_1.8.2021/elas/x0000/6/p0.001,p0.001,-58.94048137,-0.00000063,8,226,5.846700683,5.846193005,11.25363172,89.99976769,89.99983207,89.88547205,384.6589483,-0.00455,0.01897,0.03882,-0.65748,0.00193,-0.00029
/gpfs/scratch/vkb5066/cu2cdgex4_1.8.2021/elas/x0000/6/p0.002,p0.002,-58.94001021,-0.0000015,11,226,5.8467143,5.846208622,11.25364297,89.99976456,89.99982435,89.77088066,384.6589483,-0.00382,0.0202,0.03939,-1.30928,0.00212,-0.00013
/gpfs/scratch/vkb5066/cu2cdgex4_1.8.2021/elas/x0000/7/n0.001,n0.001,-58.94057902,-0.00000077,9,226,5.840852061,5.852035268,11.25363172,89.99977886,89.99983643,90.00006876,384.6589483,0.27419,-0.26406,0.03972,0.00905,0.00205,0.00011
/gpfs/scratch/vkb5066/cu2cdgex4_1.8.2021/elas/x0000/7/n0.002,n0.002,-58.94038327,-0.00000016,11,226,5.835011197,5.857887315,11.25364297,89.99978688,89.99983305,90.00004914,384.6589483,0.54916,-0.54462,0.03945,0.00037,0.00221,0.00031
/gpfs/scratch/vkb5066/cu2cdgex4_1.8.2021/elas/x0000/7/p0.001,p0.001,-58.94056759,-0.0000007,9,226,5.852545458,5.840342891,11.25363172,89.99976278,89.99984318,90.00004405,384.6589483,-0.28892,0.29844,0.03962,0.00924,0.00293,-0.00069
/gpfs/scratch/vkb5066/cu2cdgex4_1.8.2021/elas/x0000/7/p0.002,p0.002,-58.94036032,-0.00000015,11,226,5.858398015,5.834502536,11.25364297,89.99975473,89.99984655,90.00002443,384.6589483,-0.56889,0.57389,0.04009,-0.00018,0.00374,-0.00072
/gpfs/scratch/vkb5066/cu2cdgex4_1.8.2021/elas/x0000/8/n0.001,n0.001,-58.94058392,-0.00000217,3,226,5.840852061,5.846189079,11.26488535,89.99976279,89.99983305,90.00007348,384.6589483,0.301,0.03091,-0.20064,-0.00622,0.00158,-0.0006
/gpfs/scratch/vkb5066/cu2cdgex4_1.8.2021/elas/x0000/8/n0.002,n0.002,-58.94040234,-0.00000014,12,226,5.835011197,5.846194926,11.27615026,89.99975477,89.9998263,90.00006874,384.6589483,0.58836,0.05998,-0.4457,-0.00456,0.00238,-0.00059
/gpfs/scratch/vkb5066/cu2cdgex4_1.8.2021/elas/x0000/8/p0.001,p0.001,-58.94044242,-0.00000181,3,226,5.852545458,5.846189079,11.24237809,89.99977886,89.99984656,90.00005386,384.6589483,-0.32668,-0.0076,0.27424,-0.00882,0.00125,-0.00067
/gpfs/scratch/vkb5066/cu2cdgex4_1.8.2021/elas/x0000/8/p0.002,p0.002,-58.94024155,-0.00000085,12,226,5.858398015,5.846194926,11.23113569,89.99978691,89.9998533,90.00004407,384.6589483,-0.61912,-0.03436,0.50113,-0.01863,0.00237,-0.00034
/gpfs/scratch/vkb5066/cu2cdgex4_1.8.2021/elas/x0000/9/n0.001,n0.001,-58.94057882,-0.00000214,3,226,5.84669876,5.840342891,11.26488535,89.99975475,89.99983643,90.00005385,384.6589483,0.00796,0.32476,-0.20043,-0.00624,0.00175,-0.00071
/gpfs/scratch/vkb5066/cu2cdgex4_1.8.2021/elas/x0000/9/n0.002,n0.002,-58.94039078,-0.00000015,12,226,5.846704606,5.834502536,11.27615026,89.99973867,89.99983306,90.00004403,384.6589483,0.03579,0.61265,-0.44545,-0.00498,0.00281,-0.00075
/gpfs/scratch/vkb5066/cu2cdgex4_1.8.2021/elas/x0000/9/p0.001,p0.001,-58.94044825,-0.00000181,3,226,5.84669876,5.852035268,11.24237809,89.9997869,89.99984318,90.00007347,384.6589483,-0.03085,-0.30295,0.27454,-0.00875,0.00123,-0.0007
/gpfs/scratch/vkb5066/cu2cdgex4_1.8.2021/elas/x0000/9/p0.002,p0.002,-58.94025323,-0.00000087,12,226,5.846704606,5.857887315,11.23113569,89.99980297,89.99984656,90.00006878,384.6589483,-0.05763,-0.59499,0.5011,-0.01896,0.00252,-0.00051
/gpfs/scratch/vkb5066/tetraTetra/elas/x0125/1/n0.001,n0.001,-59.65820204,-0.00000073,2,226,5.802077182,5.807838824,11.17655679,89.82874202,89.82866366,89.94789289,376.6188194,0.80595,0.5012,0.48617,0.01498,-0.00265,-0.00235
/gpfs/scratch/vkb5066/tetraTetra/elas/x0125/1/n0.002,n0.002,-59.65790102,-0.00000159,8,226,5.796269311,5.807838823,11.17655677,89.82874195,89.82866317,89.94789302,376.2418236,1.58355,0.99244,0.96597,0.01779,0.00121,-0.00657
/gpfs/scratch/vkb5066/tetraTetra/elas/x0125/1/p0.001,p0.001,-59.65825407,-0.00000047,3,226,5.813692924,5.807838827,11.17655684,89.82874218,89.82866411,89.94789246,377.372811,-0.77472,-0.47082,-0.45683,0.00078,-0.0006,0.00453
/gpfs/scratch/vkb5066/tetraTetra/elas/x0125/1/p0.002,p0.002,-59.65800411,-0.00000124,8,226,5.819500795,5.807838828,11.17655687,89.82874226,89.82866408,89.94789217,377.7498068,-1.5506,-0.95628,-0.92642,-0.00814,-0.00275,0.00594
/gpfs/scratch/vkb5066/tetraTetra/elas/x0125/2/n0.001,n0.001,-59.65820199,-0.00000074,2,226,5.807885052,5.802031001,11.17655679,89.8287423,89.82866389,89.94789271,376.6188194,0.50117,0.80616,0.48613,0.01495,0.00209,0.00243
/gpfs/scratch/vkb5066/tetraTetra/elas/x0125/2/n0.002,n0.002,-59.65790234,-0.00000053,10,226,5.807885051,5.796223176,11.17655677,89.82874233,89.82866381,89.94789268,376.2418236,0.99917,1.57579,0.96563,0.01526,0.00051,-0.00171
/gpfs/scratch/vkb5066/tetraTetra/elas/x0125/2/p0.001,p0.001,-59.658255,-0.00000046,3,226,5.807885054,5.81364665,11.17655684,89.82874173,89.82866405,89.94789263,377.372811,-0.47043,-0.77468,-0.45652,0.00081,-0.00465,0.00045
/gpfs/scratch/vkb5066/tetraTetra/elas/x0125/2/p0.002,p0.002,-59.65800544,-0.00000191,11,226,5.807885055,5.819454475,11.17655687,89.82874119,89.82866413,89.94789251,377.7498068,-0.96216,-1.54808,-0.93074,-0.0097,-0.00469,0.0052
/gpfs/scratch/vkb5066/tetraTetra/elas/x0125/3/n0.001,n0.001,-59.65820807,-0.00000058,3,226,5.80788504,5.807838813,11.16538031,89.82874181,89.82866419,89.94789244,376.6188194,0.48761,0.48764,0.7355,0.00267,0.00123,-0.00133
/gpfs/scratch/vkb5066/tetraTetra/elas/x0125/3/n0.002,n0.002,-59.65791962,-0.00000032,4,226,5.807885027,5.8078388,11.1542038,89.82874134,89.82866424,89.94789219,376.2418236,0.96311,0.96307,1.45794,0.00327,0.00268,-0.00282
/gpfs/scratch/vkb5066/tetraTetra/elas/x0125/3/p0.001,p0.001,-59.65826645,-0.00000132,5,226,5.807885066,5.807838839,11.18773333,89.82874223,89.82866358,89.94789296,377.372811,-0.45745,-0.4575,-0.70566,0.01321,-0.00479,0.00466
/gpfs/scratch/vkb5066/tetraTetra/elas/x0125/3/p0.002,p0.002,-59.65804022,-0.00000037,5,226,5.807885079,5.807838852,11.19890983,89.82874218,89.82866302,89.94789321,377.7498068,-0.92466,-0.9247,-1.42284,0.01341,-0.00521,0.00512
/gpfs/scratch/vkb5066/tetraTetra/elas/x0125/4/n0.001,n0.001,-59.65817549,-0.00000068,13,226,5.807886981,5.807861012,11.17659961,89.71415148,89.82871645,89.94806449,376.9958152,0.01227,0.01622,0.01704,0.00205,0.63492,-0.00365
/gpfs/scratch/vkb5066/tetraTetra/elas/x0125/4/n0.002,n0.002,-59.65772525,-0.00000044,7,226,5.807892781,5.807892878,11.17666103,89.59956177,89.82876893,89.94823629,376.9958152,0.0115,0.02053,0.01965,0.00027,1.27557,-0.00906
/gpfs/scratch/vkb5066/tetraTetra/elas/x0125/4/p0.001,p0.001,-59.65817002,-0.00000034,12,226,5.807886997,5.807826319,11.17653265,89.94333341,89.82861149,89.9477209,376.9958152,0.01058,0.00579,0.00849,0.01219,-0.64059,0.00752
/gpfs/scratch/vkb5066/tetraTetra/elas/x0125/4/p0.002,p0.002,-59.65772127,-0.00000123,11,226,5.807892813,5.807823493,11.17652712,89.94222686,89.82855901,89.94754911,376.9958152,0.00872,-0.00102,0.00285,0.01577,-1.28029,0.01351
/gpfs/scratch/vkb5066/tetraTetra/elas/x0125/5/n0.001,n0.001,-59.65816993,-0.00000032,12,226,5.807872486,5.80784077,11.17653274,89.82868945,89.94325528,89.94772149,376.9958152,0.00589,0.01037,0.00848,0.01264,-0.00743,0.6407
/gpfs/scratch/vkb5066/tetraTetra/elas/x0125/5/n0.002,n0.002,-59.65772096,-0.00000119,10,226,5.8078696,5.807846585,11.17652729,89.8286368,89.942305,89.94755029,376.9958152,-0.00138,0.00845,0.00259,0.01606,-0.01325,1.28114
/gpfs/scratch/vkb5066/tetraTetra/elas/x0125/5/p0.001,p0.001,-59.65817494,-0.0000003,2,226,5.807907299,5.807840754,11.17659952,89.82879476,89.71407335,89.9480639,376.9958152,0.01691,0.01232,0.01677,0.00162,0.00296,-0.63637
/gpfs/scratch/vkb5066/tetraTetra/elas/x0125/5/p0.002,p0.002,-59.65772417,-0.00000061,3,226,5.807939225,5.807846554,11.17666086,89.82884741,89.59948364,89.9482351,376.9958152,0.02142,0.0112,0.01994,0.00153,0.00892,-1.27768
/gpfs/scratch/vkb5066/tetraTetra/elas/x0125/6/n0.001,n0.001,-59.65816367,-0.00000016,2,226,5.807884599,5.807838354,11.17656059,89.82857084,89.82849227,89.93766792,376.9958152,0.0248,0.02443,0.0095,0.67451,-0.00691,0.00672
/gpfs/scratch/vkb5066/tetraTetra/elas/x0125/6/n0.002,n0.002,-59.65768433,-0.00000087,11,226,5.807893825,5.807847563,11.17657182,89.82839958,89.82832057,89.82307652,376.9958152,0.03613,0.03567,0.00456,1.33789,-0.01278,0.01264
/gpfs/scratch/vkb5066/tetraTetra/elas/x0125/6/p0.001,p0.001,-59.65816805,-0.00000032,9,226,5.807895187,5.807848977,11.17656049,89.82891336,89.82883567,89.83330149,376.9958152,-0.00127,-0.00125,0.01671,-0.66232,0.00184,-0.00175
/gpfs/scratch/vkb5066/tetraTetra/elas/x0125/6/p0.002,p0.002,-59.65769991,-0.00000061,12,226,5.807915,5.807868808,11.17657162,89.82908463,89.82900737,89.71871072,376.9958152,-0.01558,-0.01544,0.01907,-1.32984,0.0065,-0.00622
/gpfs/scratch/vkb5066/tetraTetra/elas/x0125/7/n0.001,n0.001,-59.65825409,-0.00000078,11,226,5.802079117,5.813648587,11.17656054,89.82874165,89.82866373,89.94789277,376.9958152,0.29914,-0.27888,0.01377,0.00263,0.00032,0.00101
/gpfs/scratch/vkb5066/tetraTetra/elas/x0125/7/n0.002,n0.002,-59.65804866,-0.00000024,14,226,5.796277042,5.819462232,11.17657172,89.82874103,89.82866333,89.94789263,376.9958152,0.58312,-0.56855,0.0132,0.00569,-0.00517,0.00376
/gpfs/scratch/vkb5066/tetraTetra/elas/x0125/7/p0.001,p0.001,-59.65825416,-0.00000076,11,226,5.81369486,5.802032936,11.17656054,89.82874238,89.82866403,89.94789242,376.9958152,-0.27931,0.29818,0.01282,0.00241,-0.00089,-0.00019
/gpfs/scratch/vkb5066/tetraTetra/elas/x0125/7/p0.002,p0.002,-59.6580487,-0.00000032,2,226,5.819508552,5.796230907,11.17657172,89.82874249,89.82866393,89.94789193,376.9958152,-0.56881,0.584,0.01309,0.0053,-0.00326,0.00516
/gpfs/scratch/vkb5066/tetraTetra/elas/x0125/8/n0.001,n0.001,-59.65825816,-0.00000021,6,226,5.802079129,5.807840773,11.18773703,89.82874215,89.82866309,89.94789314,376.9958152,0.33021,0.02798,-0.23202,0.02081,-0.00596,0.00157
/gpfs/scratch/vkb5066/tetraTetra/elas/x0125/8/n0.002,n0.002,-59.65806855,-0.00000079,2,226,5.796277066,5.807846593,11.19892471,89.82874202,89.82866153,89.94789354,376.9958152,0.62219,0.05317,-0.487,0.01954,-0.00625,0.00683
/gpfs/scratch/vkb5066/tetraTetra/elas/x0125/8/p0.001,p0.001,-59.65824966,-0.0000013,3,226,5.813694849,5.80784075,11.16538406,89.82874189,89.82866416,89.9478922,376.9958152,-0.30503,-0.00032,0.25879,-0.00472,0.00216,0.00151
/gpfs/scratch/vkb5066/tetraTetra/elas/x0125/8/p0.002,p0.002,-59.65805017,-0.00000051,11,226,5.819508528,5.807846546,11.15421873,89.8287415,89.82866367,89.94789165,376.9958152,-0.60888,-0.02552,0.50481,-0.00864,-0.00179,0.00082
/gpfs/scratch/vkb5066/tetraTetra/elas/x0125/9/n0.001,n0.001,-59.6582586,-0.00000037,7,226,5.807887001,5.802032948,11.18773703,89.82874226,89.8286635,89.94789297,376.9958152,0.0259,0.32754,-0.2335,0.0175,0.00069,0.00359
/gpfs/scratch/vkb5066/tetraTetra/elas/x0125/9/n0.002,n0.002,-59.65806863,-0.00000039,13,226,5.807892821,5.796230931,11.19892471,89.82874172,89.82866286,89.94789319,376.9958152,0.05113,0.62518,-0.48635,0.02019,-0.00523,0.00615
/gpfs/scratch/vkb5066/tetraTetra/elas/x0125/9/p0.001,p0.001,-59.65825015,-0.00000178,3,226,5.807886977,5.813648575,11.16538406,89.82874127,89.82866427,89.94789237,376.9958152,-0.00027,-0.30528,0.25874,-0.0047,-0.00157,-0.0023
/gpfs/scratch/vkb5066/tetraTetra/elas/x0125/9/p0.002,p0.002,-59.65804977,-0.00000046,12,226,5.807892773,5.819462209,11.15421873,89.82873974,89.8286644,89.947892,376.9958152,-0.02329,-0.60918,0.5057,-0.00914,-0.00124,0.0017
/gpfs/scratch/vkb5066/tetraTetra/elas/x0250/1/n0.001,n0.001,-60.38322707,-0.0000005,4,226,5.761448967,5.777361464,11.09033086,89.62302083,89.99977629,89.99958856,369.1444627,0.822,0.51733,0.50312,-0.00083,-0.00377,-0.00007
/gpfs/scratch/vkb5066/tetraTetra/elas/x0250/1/n0.002,n0.002,-60.38292494,-0.00000082,9,226,5.755681751,5.777361464,11.09033086,89.62302083,89.99977647,89.99958842,368.7749488,1.60495,1.03202,0.98898,-0.0009,-0.00073,-0.00021
/gpfs/scratch/vkb5066/tetraTetra/elas/x0250/1/p0.001,p0.001,-60.38329092,-0.00000026,3,226,5.772983399,5.777361464,11.09033086,89.62302083,89.99977593,89.99958884,369.8834907,-0.7925,-0.47794,-0.47014,-0.00104,0.0027,-0.00008
/gpfs/scratch/vkb5066/tetraTetra/elas/x0250/1/p0.002,p0.002,-60.3830456,-0.00000076,11,226,5.778750616,5.777361464,11.09033086,89.62302083,89.99977575,89.99958898,370.2530047,-1.58294,-0.9706,-0.95173,-0.00204,0.01435,0.00007
/gpfs/scratch/vkb5066/tetraTetra/elas/x0250/2/n0.001,n0.001,-60.38322674,-0.00000069,2,226,5.767216183,5.771584165,11.09033074,89.62302165,89.9997761,89.99958884,369.1444627,0.51868,0.82855,0.49957,-0.00163,0.00746,-0.00009
/gpfs/scratch/vkb5066/tetraTetra/elas/x0250/2/n0.002,n0.002,-60.38291444,0.00000297,11,226,5.767216183,5.765806866,11.09033062,89.62302209,89.9997761,89.99958898,368.7749488,1.02461,1.618,0.98495,-0.00015,0.00316,0.00015
/gpfs/scratch/vkb5066/tetraTetra/elas/x0250/2/p0.001,p0.001,-60.38328971,-0.00000084,2,226,5.767216183,5.783138763,11.09033098,89.62301963,89.99977611,89.99958856,369.8834907,-0.48,-0.78679,-0.46381,-0.00159,-0.00847,-0.00013
/gpfs/scratch/vkb5066/tetraTetra/elas/x0250/2/p0.002,p0.002,-60.3830487,-0.00000149,11,226,5.767216183,5.788916062,11.0903311,89.62301806,89.99977611,89.99958842,370.2530047,-0.97474,-1.57005,-0.94241,-0.0021,-0.00032,-0.00035
/gpfs/scratch/vkb5066/tetraTetra/elas/x0250/3/n0.001,n0.001,-60.38323223,-0.00000153,3,226,5.767216183,5.777361402,11.07924065,89.62301963,89.99977593,89.9995887,369.1444627,0.50519,0.50189,0.7516,0.00007,0.0027,-0.00005
/gpfs/scratch/vkb5066/tetraTetra/elas/x0250/3/n0.002,n0.002,-60.38294338,-0.00000061,4,226,5.767216183,5.77736134,11.06815044,89.62301805,89.99977575,89.9995887,368.7749488,0.99719,0.989,1.48943,-0.00068,0.00755,0.00002
/gpfs/scratch/vkb5066/tetraTetra/elas/x0250/3/p0.001,p0.001,-60.38330077,-0.00000077,5,226,5.767216183,5.777361526,11.10142107,89.62302165,89.99977628,89.9995887,369.8834907,-0.46771,-0.46016,-0.71853,-0.00044,-0.00688,-0.00009
/gpfs/scratch/vkb5066/tetraTetra/elas/x0250/3/p0.002,p0.002,-60.38308115,-0.00000038,5,226,5.767216183,5.777361588,11.11251128,89.62302209,89.99977646,89.9995887,370.2530047,-0.94874,-0.93547,-1.44762,-0.00184,-0.00299,-0.00011
/gpfs/scratch/vkb5066/tetraTetra/elas/x0250/4/n0.001,n0.001,-60.38320249,-0.00000087,10,226,5.767218106,5.777404196,11.09041328,89.50843245,89.99977674,89.99958883,369.5139767,0.00861,0.02755,0.01864,-0.00132,0.64897,0.0001
/gpfs/scratch/vkb5066/tetraTetra/elas/x0250/4/n0.002,n0.002,-60.3827556,-0.00000042,4,226,5.767223873,5.777456557,11.09051419,89.3938458,89.99977737,89.99958895,369.5139767,0.00203,0.03638,0.02331,-0.00035,1.30044,0.00041
/gpfs/scratch/vkb5066/tetraTetra/elas/x0250/4/p0.001,p0.001,-60.38320267,-0.00000089,8,226,5.767218106,5.77732836,11.09026692,89.73761072,89.99977548,89.99958858,369.5139767,0.02466,0.00721,0.01153,-0.00147,-0.65564,-0.00021
/gpfs/scratch/vkb5066/tetraTetra/elas/x0250/4/p0.002,p0.002,-60.38275754,-0.0000004,2,226,5.767223873,5.777304885,11.09022147,89.85220189,89.99977485,89.99958846,369.5139767,0.02395,0.0009,0.00372,-0.00214,-1.29159,-0.0003
/gpfs/scratch/vkb5066/tetraTetra/elas/x0250/5/n0.001,n0.001,-60.38320136,-0.00000045,10,226,5.767221002,5.77736339,11.0903402,89.62302118,89.88518511,89.99996475,369.5139767,0.01371,0.01958,0.01419,0.00373,0.00148,0.6535
/gpfs/scratch/vkb5066/tetraTetra/elas/x0250/5/n0.002,n0.002,-60.38274704,-0.00000143,11,226,5.767235432,5.777369167,11.09036802,89.62302153,89.77059435,89.99981125,369.5139767,0.01227,0.01905,0.01337,0.00989,0.00215,1.31163
/gpfs/scratch/vkb5066/tetraTetra/elas/x0250/5/p0.001,p0.001,-60.38319905,-0.00000059,8,226,5.767220977,5.77736339,11.09034001,89.62302048,89.88578494,89.99921266,369.5139767,0.01521,0.0194,0.01506,-0.00782,0.00169,-0.65766
/gpfs/scratch/vkb5066/tetraTetra/elas/x0250/5/p0.002,p0.002,-60.38274674,-0.00000144,11,226,5.767235383,5.777369167,11.09036764,89.62302014,89.77119417,89.99883661,369.5139767,0.01246,0.01759,0.01282,-0.01259,0.00137,-1.31167
/gpfs/scratch/vkb5066/tetraTetra/elas/x0250/6/n0.001,n0.001,-60.38319445,-0.00000024,10,226,5.767221053,5.777366313,11.09033456,89.62302131,89.99999787,89.8849977,369.5139767,0.01466,0.02023,0.016,0.6779,-0.00013,0.00694
/gpfs/scratch/vkb5066/tetraTetra/elas/x0250/6/n0.002,n0.002,-60.38272781,-0.00000015,2,226,5.767235534,5.777380791,11.09034565,89.62302179,89.99961981,89.77040693,369.5139767,0.01112,0.01906,0.01514,1.35595,0.00219,0.01276
/gpfs/scratch/vkb5066/tetraTetra/elas/x0250/6/p0.001,p0.001,-60.38319333,-0.00000024,12,226,5.767220926,5.777366243,11.09033456,89.62302035,89.99939804,89.88597234,369.5139767,0.01516,0.01936,0.01409,-0.67926,-0.00081,-0.00696
/gpfs/scratch/vkb5066/tetraTetra/elas/x0250/6/p0.002,p0.002,-60.38272553,-0.0000003,13,226,5.767235281,5.777380652,11.09034565,89.62301987,89.99901998,89.77138156,369.5139767,0.01302,0.01766,0.0121,-1.35765,0.00054,-0.01246
/gpfs/scratch/vkb5066/tetraTetra/elas/x0250/7/n0.001,n0.001,-60.38328712,-0.00000123,9,226,5.761450888,5.783140691,11.09033468,89.62301963,89.99977629,89.99958842,369.5139767,0.30454,-0.27239,0.01673,0.00008,0.00737,-0.00024
/gpfs/scratch/vkb5066/tetraTetra/elas/x0250/7/n0.002,n0.002,-60.38308799,-0.00000042,3,226,5.755689425,5.788923781,11.09034589,89.62301806,89.99977647,89.99958813,369.5139767,0.59123,-0.56457,0.02075,-0.00441,-0.00761,-0.00072
/gpfs/scratch/vkb5066/tetraTetra/elas/x0250/7/p0.001,p0.001,-60.3832802,-0.00000022,10,226,5.772985324,5.771586089,11.09033444,89.62302165,89.99977592,89.99958898,369.5139767,-0.28299,0.3117,0.01017,-0.0004,0.00286,0.00016
/gpfs/scratch/vkb5066/tetraTetra/elas/x0250/7/p0.002,p0.002,-60.38307453,-0.00000064,11,226,5.778758321,5.765814553,11.09034541,89.62302209,89.99977574,89.99958926,369.5139767,-0.58028,0.60078,0.0071,0.00015,0.00493,0.0005
/gpfs/scratch/vkb5066/tetraTetra/elas/x0250/8/n0.001,n0.001,-60.3832859,-0.00000194,3,226,5.761450888,5.777363452,11.10142477,89.62302165,89.99977646,89.99958856,369.5139767,0.33833,0.03641,-0.236,-0.00062,-0.01119,-0.00011
/gpfs/scratch/vkb5066/tetraTetra/elas/x0250/8/n0.002,n0.002,-60.38309804,-0.00000046,13,226,5.755689425,5.777369292,11.1125261,89.62302209,89.99977682,89.99958842,369.5139767,0.63406,0.06515,-0.48261,-0.00282,-0.00885,-0.00035
/gpfs/scratch/vkb5066/tetraTetra/elas/x0250/8/p0.001,p0.001,-60.38328375,-0.0000015,3,226,5.772985324,5.777363327,11.07924434,89.62301963,89.99977575,89.99958884,369.5139767,-0.30443,0.00399,0.26214,0.00017,0.00768,-0.00004
/gpfs/scratch/vkb5066/tetraTetra/elas/x0250/8/p0.002,p0.002,-60.38308778,-0.00000095,6,226,5.778758321,5.777369043,11.0681652,89.62301805,89.99977539,89.99958898,369.5139767,-0.6255,-0.01111,0.50623,-0.00132,0.01608,0.00004
/gpfs/scratch/vkb5066/tetraTetra/elas/x0250/9/n0.001,n0.001,-60.38328692,-0.00000035,5,226,5.767218106,5.771586151,11.10142465,89.62302209,89.99977628,89.99958884,369.5139767,0.02823,0.34075,-0.23615,-0.00147,0.00585,-0.00003
/gpfs/scratch/vkb5066/tetraTetra/elas/x0250/9/n0.002,n0.002,-60.38308742,-0.00000043,12,226,5.767223873,5.765814678,11.11252586,89.62302185,89.99977646,89.99958898,369.5139767,0.04195,0.65116,-0.49234,-0.00177,0.00999,0.00014
/gpfs/scratch/vkb5066/tetraTetra/elas/x0250/9/p0.001,p0.001,-60.3832849,-0.00000042,4,226,5.767218106,5.783140629,11.07924447,89.62301806,89.99977593,89.99958856,369.5139767,0.00685,-0.3026,0.26639,-0.00102,-0.00204,-0.00011
/gpfs/scratch/vkb5066/tetraTetra/elas/x0250/9/p0.002,p0.002,-60.38308852,-0.00000047,2,226,5.767223873,5.788923657,11.06816544,89.62301378,89.99977575,89.99958842,369.5139767,-0.01835,-0.60838,0.51417,-0.00018,0.00138,-0.00031
/gpfs/scratch/vkb5066/tetraTetra/elas/x0375/1/n0.001,n0.001,-61.09239009,-0.00000029,3,226,5.729574473,5.735332126,11.01575869,89.80627228,89.80604408,89.95304142,361.9847125,0.83493,0.51982,0.50649,-0.00835,-0.00326,-0.00174
/gpfs/scratch/vkb5066/tetraTetra/elas/x0375/1/n0.002,n0.002,-61.09207863,-0.00000053,10,226,5.72383918,5.735332125,11.01575866,89.8062722,89.80604377,89.9530417,361.6223654,1.64486,1.04424,1.00376,-0.01697,-0.00553,0.0038
/gpfs/scratch/vkb5066/tetraTetra/elas/x0375/1/p0.001,p0.001,-61.09246104,-0.00000076,2,226,5.741045057,5.735332128,11.01575875,89.80627244,89.80604411,89.95304072,362.7094066,-0.82125,-0.50304,-0.48204,0.00728,0.00269,0.00247
/gpfs/scratch/vkb5066/tetraTetra/elas/x0375/1/p0.002,p0.002,-61.09222079,-0.00000036,2,226,5.74678035,5.735332129,11.01575878,89.80627252,89.80604384,89.9530403,363.0717537,-1.6271,-1.0166,-0.97539,0.00878,-0.00095,0.00563
/gpfs/scratch/vkb5066/tetraTetra/elas/x0375/2/n0.001,n0.001,-61.09239001,-0.00000029,3,226,5.735309764,5.729596812,11.01575869,89.8062727,89.80604411,89.95304105,361.9847125,0.51983,0.83512,0.50649,-0.00838,0.00169,0.0032
/gpfs/scratch/vkb5066/tetraTetra/elas/x0375/2/n0.002,n0.002,-61.09207859,-0.00000053,10,226,5.735309763,5.723861497,11.01575866,89.80627284,89.80604403,89.95304095,361.6223654,1.04534,1.64603,1.00472,-0.01691,-0.00392,0.00537
/gpfs/scratch/vkb5066/tetraTetra/elas/x0375/2/p0.001,p0.001,-61.09246098,-0.00000076,2,226,5.735309766,5.741067442,11.01575875,89.80627182,89.80604427,89.95304109,362.7094066,-0.50281,-0.8211,-0.48175,0.00729,-0.00244,-0.00267
/gpfs/scratch/vkb5066/tetraTetra/elas/x0375/2/p0.002,p0.002,-61.09221927,-0.00000156,11,226,5.735309767,5.746802757,11.01575878,89.8062711,89.80604436,89.95304105,363.0717537,-1.01003,-1.62534,-0.97308,0.00766,-0.00729,0.00031
/gpfs/scratch/vkb5066/tetraTetra/elas/x0375/3/n0.001,n0.001,-61.09239761,-0.00000033,4,226,5.735309749,5.735332111,11.00474302,89.80627191,89.80604419,89.95304077,361.9847125,0.50428,0.50431,0.76631,0.00877,0.0017,-0.00176
/gpfs/scratch/vkb5066/tetraTetra/elas/x0375/3/n0.002,n0.002,-61.0921065,-0.00000034,10,226,5.735309732,5.735332094,10.99372733,89.80627126,89.806044,89.95304044,361.6223654,1.00569,1.00567,1.51678,0.00736,-0.00191,0.00185
/gpfs/scratch/vkb5066/tetraTetra/elas/x0375/3/p0.001,p0.001,-61.09246785,-0.00000153,3,226,5.735309782,5.735332143,11.02677441,89.80627262,89.806044,89.95304142,362.7094066,-0.48393,-0.4839,-0.74337,-0.00734,-0.0014,0.00137
/gpfs/scratch/vkb5066/tetraTetra/elas/x0375/3/p0.002,p0.002,-61.09225042,-0.00000039,9,226,5.735309798,5.73533216,11.03779011,89.80627268,89.80604361,89.95304175,363.0717537,-0.97314,-0.97315,-1.48388,-0.01239,-0.00348,0.00348
/gpfs/scratch/vkb5066/tetraTetra/elas/x0375/4/n0.001,n0.001,-61.0923674,-0.0000006,12,226,5.735311669,5.735356271,11.01580524,89.69168196,89.80609153,89.9532353,362.3470595,0.00476,0.01171,0.01243,-0.00771,0.66007,0.00938
/gpfs/scratch/vkb5066/tetraTetra/elas/x0375/4/n0.002,n0.002,-61.09191667,-0.00000029,2,226,5.735317396,5.735389973,11.01587013,89.57709256,89.80613887,89.95342951,362.3470595,-0.00055,0.01184,0.01119,-0.01153,1.32073,0.01755
/gpfs/scratch/vkb5066/tetraTetra/elas/x0375/4/p0.001,p0.001,-61.09236742,-0.0000009,7,226,5.735311685,5.735317542,11.01573055,89.92086353,89.80599685,89.95284689,362.3470595,0.01241,0.00241,0.0098,0.00007,-0.67474,-0.00647
/gpfs/scratch/vkb5066/tetraTetra/elas/x0375/4/p0.002,p0.002,-61.09192079,-0.00000029,11,226,5.735317428,5.735312516,11.01572075,89.96469678,89.80594951,89.95265268,362.3470595,0.01404,-0.00003,0.00731,0.00497,-1.32745,-0.01207
/gpfs/scratch/vkb5066/tetraTetra/elas/x0375/5/n0.001,n0.001,-61.09236747,-0.0000009,7,226,5.735295112,5.735334047,11.0157306,89.80622464,89.92063537,89.95284757,362.3470595,0.00294,0.01294,0.0103,0.00012,0.00644,0.67482
/gpfs/scratch/vkb5066/tetraTetra/elas/x0375/5/n0.002,n0.002,-61.09192079,-0.00000029,11,226,5.735290018,5.73533979,11.01572084,89.80617693,89.96492495,89.95265404,362.3470595,0.00019,0.014,0.00744,0.00512,0.01185,1.32729
/gpfs/scratch/vkb5066/tetraTetra/elas/x0375/5/p0.001,p0.001,-61.09236743,-0.00000059,12,226,5.735333977,5.735334031,11.0158052,89.80632007,89.6914538,89.95323462,362.3470595,0.01106,0.00415,0.01185,-0.0071,-0.00875,-0.65815
/gpfs/scratch/vkb5066/tetraTetra/elas/x0375/5/p0.002,p0.002,-61.09191625,-0.00000029,12,226,5.735367747,5.735339758,11.01587004,89.80636779,89.5768644,89.95342814,362.3470595,0.01173,-0.00058,0.01139,-0.00834,-0.0168,-1.32139
/gpfs/scratch/vkb5066/tetraTetra/elas/x0375/6/n0.001,n0.001,-61.09236045,-0.00000019,11,226,5.735309839,5.735332163,11.01576245,89.80607826,89.80584987,89.9325196,362.3470596,-0.00608,-0.00606,0.01938,0.69883,-0.00625,0.00621
/gpfs/scratch/vkb5066/tetraTetra/elas/x0375/6/n0.002,n0.002,-61.09188787,-0.00000035,2,226,5.735319471,5.735341758,11.01577353,89.80588417,89.80565556,89.8179283,362.3470595,-0.02177,-0.02171,0.02687,1.39919,-0.01085,0.01068
/gpfs/scratch/vkb5066/tetraTetra/elas/x0375/6/p0.001,p0.001,-61.09236109,-0.00000034,8,226,5.73531925,5.73534165,11.01576233,89.80646645,89.80623851,89.83844994,362.3470595,0.0225,0.02254,0.00389,-0.70302,0.00223,-0.00234
/gpfs/scratch/vkb5066/tetraTetra/elas/x0375/6/p0.002,p0.002,-61.091887,-0.00000052,11,226,5.735338294,5.735360731,11.01577328,89.80666055,89.80643283,89.7238592,362.3470595,0.03524,0.03531,-0.00751,-1.39877,0.0079,-0.00823
/gpfs/scratch/vkb5066/tetraTetra/elas/x0375/7/n0.001,n0.001,-61.09245134,-0.00000009,10,226,5.729576384,5.741069355,11.01576239,89.80627174,89.80604416,89.95304137,362.3470595,0.31075,-0.29104,0.01416,-0.00565,-0.00618,0.0038
/gpfs/scratch/vkb5066/tetraTetra/elas/x0375/7/n0.002,n0.002,-61.09224735,-0.0000004,12,226,5.723846814,5.746810417,11.01577341,89.80627094,89.80604393,89.95304147,362.3470595,0.60397,-0.59754,0.01144,-0.00481,-0.00723,0.00213
/gpfs/scratch/vkb5066/tetraTetra/elas/x0375/7/p0.001,p0.001,-61.0924513,-0.00000006,10,226,5.74104697,5.729598723,11.01576239,89.80627278,89.80604403,89.95304063,362.3470596,-0.29356,0.30791,0.01127,-0.00555,-0.00384,0.00612
/gpfs/scratch/vkb5066/tetraTetra/elas/x0375/7/p0.002,p0.002,-61.09224726,-0.0000004,12,226,5.74678801,5.723869131,11.01577341,89.80627301,89.80604368,89.95303997,362.3470595,-0.59662,0.60466,0.01195,-0.00474,-0.00216,0.0069
/gpfs/scratch/vkb5066/tetraTetra/elas/x0375/8/n0.001,n0.001,-61.09245154,-0.00000173,3,226,5.729576399,5.735334054,11.02677806,89.80627254,89.80604369,89.95304175,362.3470595,0.33932,0.02454,-0.24674,-0.0169,-0.00493,-0.00026
/gpfs/scratch/vkb5066/tetraTetra/elas/x0375/8/n0.002,n0.002,-61.09225825,-0.00000042,10,226,5.723846845,5.735339805,11.03780476,89.80627252,89.80604242,89.95304236,362.3470595,0.65514,0.05007,-0.50579,-0.02755,-0.009,0.00498
/gpfs/scratch/vkb5066/tetraTetra/elas/x0375/8/p0.001,p0.001,-61.09245235,-0.00000039,5,226,5.741046955,5.735334023,11.00474672,89.80627199,89.80604392,89.95304039,362.3470595,-0.32391,-0.00791,0.26698,0.0104,0.00222,0.00243
/gpfs/scratch/vkb5066/tetraTetra/elas/x0375/8/p0.002,p0.002,-61.0922566,-0.00000032,11,226,5.746787979,5.735339743,10.99374205,89.80627142,89.80604287,89.95303964,362.3470595,-0.64708,-0.03424,0.52017,0.01829,0.00194,0.00345
/gpfs/scratch/vkb5066/tetraTetra/elas/x0375/9/n0.001,n0.001,-61.09245148,-0.00000172,3,226,5.735311692,5.729598739,11.02677806,89.80627276,89.80604392,89.95304138,362.3470595,0.02483,0.33983,-0.24648,-0.01688,0.00024,0.00488
/gpfs/scratch/vkb5066/tetraTetra/elas/x0375/9/n0.002,n0.002,-61.0922585,-0.00000037,11,226,5.735317443,5.723869162,11.03780476,89.80627239,89.80604345,89.95304161,362.3470595,0.05374,0.65531,-0.50439,-0.02367,-0.00238,0.00768
/gpfs/scratch/vkb5066/tetraTetra/elas/x0375/9/p0.001,p0.001,-61.0924524,-0.00000039,5,226,5.735311661,5.741069339,11.00474672,89.80627118,89.80604427,89.95304077,362.3470595,-0.00812,-0.32422,0.26693,0.01041,-0.00245,-0.00224
/gpfs/scratch/vkb5066/tetraTetra/elas/x0375/9/p0.002,p0.002,-61.09225618,-0.0000004,10,226,5.735317381,5.746810387,10.99374205,89.80626922,89.80604416,89.95304039,362.3470595,-0.03062,-0.64748,0.52139,0.02086,-0.00217,-0.00285
/gpfs/scratch/vkb5066/tetraTetra/elas/x0500/1/n0.001,n0.001,-61.81850287,-0.00000062,2,226,5.694164377,5.69985869,10.93666826,89.99968111,89.99965621,89.99904608,354.9597646,0.84961,0.53142,0.51108,0.00162,-0.00336,-0.00346
/gpfs/scratch/vkb5066/tetraTetra/elas/x0500/1/n0.002,n0.002,-61.81818677,-0.00000123,7,226,5.688464512,5.69985869,10.93666826,89.99968111,89.99965609,89.99904632,354.6044495,1.67862,1.06375,1.0231,-0.00042,-0.00522,-0.00392
/gpfs/scratch/vkb5066/tetraTetra/elas/x0500/1/p0.001,p0.001,-61.81857743,-0.00000029,3,226,5.705564105,5.69985869,10.93666826,89.99968111,89.99965646,89.99904558,355.6703947,-0.842,-0.52385,-0.50776,0.00228,-0.00203,-0.00239
/gpfs/scratch/vkb5066/tetraTetra/elas/x0500/1/p0.002,p0.002,-61.81834008,-0.00000042,11,226,5.711263969,5.69985869,10.93666826,89.99968111,89.99965658,89.99904533,356.0257098,-1.66048,-1.04753,-1.00788,0.0029,0.00021,-0.00073
/gpfs/scratch/vkb5066/tetraTetra/elas/x0500/2/n0.001,n0.001,-61.81850279,-0.00000062,2,226,5.699864241,5.694158832,10.93666826,89.99968084,89.99965633,89.99904558,354.9597646,0.53109,0.8498,0.51103,0.00162,-0.00341,-0.0034
/gpfs/scratch/vkb5066/tetraTetra/elas/x0500/2/n0.002,n0.002,-61.81818669,-0.00000123,7,226,5.699864241,5.688458973,10.93666826,89.99968057,89.99965633,89.99904533,354.6044495,1.06323,1.67873,1.02278,-0.00041,-0.00534,-0.00377
/gpfs/scratch/vkb5066/tetraTetra/elas/x0500/2/p0.001,p0.001,-61.81857813,-0.00000041,6,226,5.699864241,5.705558549,10.93666826,89.99968139,89.99965633,89.99904608,355.6703947,-0.52105,-0.83627,-0.50676,0.00153,-0.00111,-0.00156
/gpfs/scratch/vkb5066/tetraTetra/elas/x0500/2/p0.002,p0.002,-61.81834018,-0.00000043,11,226,5.699864241,5.711258408,10.93666826,89.99968166,89.99965633,89.99904632,356.0257098,-1.04751,-1.66,-1.00769,0.00287,0.00033,-0.00086
/gpfs/scratch/vkb5066/tetraTetra/elas/x0500/3/n0.001,n0.001,-61.81850858,-0.00000168,3,226,5.699864241,5.69985869,10.92573159,89.99968139,89.99965646,89.99904583,354.9597646,0.51026,0.51053,0.77932,0.00418,-0.00066,-0.00158
/gpfs/scratch/vkb5066/tetraTetra/elas/x0500/3/n0.002,n0.002,-61.81821176,-0.00000035,11,226,5.699864241,5.69985869,10.91479492,89.99968166,89.99965658,89.99904583,354.6044495,1.02322,1.0235,1.54743,0.00512,-0.00029,-0.00124
/gpfs/scratch/vkb5066/tetraTetra/elas/x0500/3/p0.001,p0.001,-61.81858293,-0.0000014,3,226,5.699864241,5.69985869,10.94760493,89.99968084,89.99965621,89.99904583,355.6703947,-0.50396,-0.50368,-0.77633,0.00309,-0.00017,-0.00115
/gpfs/scratch/vkb5066/tetraTetra/elas/x0500/3/p0.002,p0.002,-61.81836651,-0.00000046,8,226,5.699864241,5.69985869,10.95854159,89.99968057,89.99965609,89.99904583,356.0257098,-1.00468,-1.00441,-1.53737,0.00068,-0.00048,-0.00112
/gpfs/scratch/vkb5066/tetraTetra/elas/x0500/4/n0.001,n0.001,-61.81848285,-0.00000061,8,226,5.699866141,5.699863374,10.93667735,89.88587931,89.99965712,89.99904637,355.3150796,0.00086,0.00103,-0.00276,0.00042,0.67935,-0.00198
/gpfs/scratch/vkb5066/tetraTetra/elas/x0500/4/n0.002,n0.002,-61.81803182,-0.0000002,12,226,5.699871841,5.699877557,10.93670467,89.77128792,89.9996579,89.99904691,355.3150797,0.00131,0.00122,-0.00271,0.00089,1.33607,-0.00183
/gpfs/scratch/vkb5066/tetraTetra/elas/x0500/4/p0.001,p0.001,-61.81848069,-0.00000064,9,226,5.699866141,5.699863507,10.9366774,89.8850895,89.99965555,89.99904529,355.3150796,0.00217,0.00256,-0.00154,0.00082,-0.6806,-0.00282
/gpfs/scratch/vkb5066/tetraTetra/elas/x0500/4/p0.002,p0.002,-61.81802735,-0.00000197,11,226,5.699871841,5.699877823,10.93670476,89.77049811,89.99965477,89.99904474,355.3150796,0.00078,0.00126,-0.00325,0.00049,-1.3484,-0.00328
/gpfs/scratch/vkb5066/tetraTetra/elas/x0500/5/n0.001,n0.001,-61.81848298,-0.00000063,9,226,5.699868937,5.69986059,10.93667732,89.99968239,89.88590409,89.9990465,355.3150797,0.00188,0.00225,-0.00174,0.0004,-0.00191,0.67592
/gpfs/scratch/vkb5066/tetraTetra/elas/x0500/5/n0.002,n0.002,-61.81803189,-0.00000023,12,226,5.699883133,5.69986629,10.9367046,89.99968367,89.7713127,89.99904716,355.3150797,0.00107,0.00165,-0.00268,0.00105,-0.00184,1.33692
/gpfs/scratch/vkb5066/tetraTetra/elas/x0500/5/p0.001,p0.001,-61.81848066,-0.00000065,9,226,5.699869045,5.69986059,10.93667743,89.99967984,89.88506472,89.99904516,355.3150797,0.00177,0.0019,-0.00201,0.00084,-0.00278,-0.68359
/gpfs/scratch/vkb5066/tetraTetra/elas/x0500/5/p0.002,p0.002,-61.81802729,-0.00000197,11,226,5.699883348,5.69986629,10.93670483,89.99967856,89.77047333,89.99904449,355.3150797,0.0001,0.00014,-0.00408,0.00031,-0.00325,-1.3481
/gpfs/scratch/vkb5066/tetraTetra/elas/x0500/6/n0.001,n0.001,-61.81847171,-0.00000043,10,226,5.699868913,5.699863313,10.9366719,89.99968141,89.99965646,89.88651459,355.3150797,0.00271,0.00297,0.00185,0.72486,-0.00055,-0.00154
/gpfs/scratch/vkb5066/tetraTetra/elas/x0500/6/n0.002,n0.002,-61.81799207,-0.00000093,11,226,5.699883085,5.699877436,10.93668284,89.99968171,89.99965658,89.7719232,355.3150796,0.00162,0.00189,0.00419,1.44636,-0.00306,-0.00292
/gpfs/scratch/vkb5066/tetraTetra/elas/x0500/6/p0.001,p0.001,-61.81847292,-0.00000042,11,226,5.699869069,5.699863567,10.9366719,89.99968082,89.99965621,89.88445421,355.3150797,0.00289,0.00315,-0.00225,-0.72167,-0.0001,-0.00123
/gpfs/scratch/vkb5066/tetraTetra/elas/x0500/6/p0.002,p0.002,-61.81799372,-0.00000021,14,226,5.699883396,5.699877944,10.93668284,89.99968052,89.99965609,89.76986283,355.3150797,0.00145,0.00171,-0.00398,-1.44328,-0.00333,-0.00306
/gpfs/scratch/vkb5066/tetraTetra/elas/x0500/7/n0.001,n0.001,-61.81856475,-0.00000081,7,226,5.694166275,5.705560451,10.9366719,89.99968139,89.99965621,89.99904632,355.3150797,0.31184,-0.30711,-0.00333,-0.00351,-0.00217,-0.00148
/gpfs/scratch/vkb5066/tetraTetra/elas/x0500/7/n0.002,n0.002,-61.81836033,-0.00000135,10,226,5.688472097,5.711266023,10.93668284,89.99968166,89.99965609,89.99904681,355.3150796,0.61067,-0.61073,-0.00104,-0.0016,-0.00565,-0.00403
/gpfs/scratch/vkb5066/tetraTetra/elas/x0500/7/p0.001,p0.001,-61.81856515,-0.00000041,9,226,5.705566007,5.69416073,10.9366719,89.99968084,89.99965646,89.99904533,355.3150797,-0.30416,0.30933,-0.00229,-0.00202,-0.00447,-0.00287
/gpfs/scratch/vkb5066/tetraTetra/elas/x0500/7/p0.002,p0.002,-61.81836007,-0.00000135,10,226,5.711271584,5.688466558,10.93668284,89.99968057,89.99965658,89.99904483,355.3150796,-0.61115,0.61082,-0.00116,-0.00159,-0.00591,-0.00378
/gpfs/scratch/vkb5066/tetraTetra/elas/x0500/8/n0.001,n0.001,-61.81856505,-0.00000024,4,226,5.694166275,5.69986059,10.94760858,89.99968084,89.99965609,89.99904608,355.3150796,0.33458,0.01989,-0.26865,0.00004,-0.00219,-0.00231
/gpfs/scratch/vkb5066/tetraTetra/elas/x0500/8/n0.002,n0.002,-61.81836853,-0.00000066,9,226,5.688472097,5.69986629,10.95855621,89.99968057,89.99965584,89.99904632,355.3150796,0.65543,0.04378,-0.53593,-0.00111,-0.0019,-0.00214
/gpfs/scratch/vkb5066/tetraTetra/elas/x0500/8/p0.001,p0.001,-61.81856727,-0.00000043,6,226,5.705566007,5.69986059,10.92573523,89.99968139,89.99965658,89.99904558,355.3150797,-0.33271,-0.01595,0.26255,0.00165,-0.00207,-0.00216
/gpfs/scratch/vkb5066/tetraTetra/elas/x0500/8/p0.002,p0.002,-61.81836975,-0.00000052,9,226,5.711271584,5.69986629,10.91480947,89.99968166,89.99965682,89.99904533,355.3150797,-0.65922,-0.03734,0.52632,0.00428,-0.00155,-0.00174
/gpfs/scratch/vkb5066/tetraTetra/elas/x0500/9/n0.001,n0.001,-61.81856498,-0.00000024,4,226,5.699866141,5.69416073,10.94760858,89.99968057,89.99965621,89.99904558,355.3150796,0.01927,0.33448,-0.26886,0.00002,-0.00224,-0.00226
/gpfs/scratch/vkb5066/tetraTetra/elas/x0500/9/n0.002,n0.002,-61.81836834,-0.0000006,9,226,5.699871841,5.688466558,10.95855621,89.99968002,89.99965609,89.99904533,355.3150796,0.04318,0.65561,-0.5363,-0.00138,-0.00243,-0.00222
/gpfs/scratch/vkb5066/tetraTetra/elas/x0500/9/p0.001,p0.001,-61.81856735,-0.00000043,6,226,5.699866141,5.705560451,10.92573523,89.99968166,89.99965646,89.99904607,355.3150796,-0.01634,-0.33257,0.26248,0.00165,-0.00204,-0.00222
/gpfs/scratch/vkb5066/tetraTetra/elas/x0500/9/p0.002,p0.002,-61.81836984,-0.00000051,9,226,5.699871841,5.711266023,10.91480947,89.9996822,89.99965658,89.99904632,355.3150797,-0.03664,-0.65805,0.52741,0.00421,-0.00143,-0.00193
/gpfs/scratch/vkb5066/tetraTetra/elas/x0625/1/n0.001,n0.001,-62.5954245,-0.00000025,4,226,5.65425162,5.659896311,10.86676619,89.82617756,89.8259132,89.88867462,347.7595726,0.88448,0.55657,0.52851,0.00321,0.00305,-0.00605
/gpfs/scratch/vkb5066/tetraTetra/elas/x0625/1/n0.002,n0.002,-62.59510003,-0.00000002,10,226,5.648591727,5.659896305,10.86676616,89.82617739,89.82591273,89.88867491,347.4114649,1.73594,1.10866,1.04987,0.00897,0.0128,-0.00836
/gpfs/scratch/vkb5066/tetraTetra/elas/x0625/1/p0.001,p0.001,-62.5954358,-0.00000051,12,226,5.665571406,5.659896321,10.86676624,89.8261779,89.82591364,89.88867371,348.455788,-0.78666,-0.51575,-0.49863,0.00122,-0.0084,0.00078
/gpfs/scratch/vkb5066/tetraTetra/elas/x0625/1/p0.002,p0.002,-62.59521308,-0.00000064,2,226,5.671231299,5.659896327,10.86676626,89.82617807,89.82591359,89.88867309,348.8038956,-1.63993,-1.04928,-1.01015,-0.00278,-0.00752,0.00402
/gpfs/scratch/vkb5066/tetraTetra/elas/x0625/2/n0.001,n0.001,-62.5954246,-0.00000026,4,226,5.659911508,5.654236438,10.86676619,89.82617781,89.82591334,89.88867397,347.7595726,0.55637,0.88425,0.52829,0.0033,0.00596,-0.00305
/gpfs/scratch/vkb5066/tetraTetra/elas/x0625/2/n0.002,n0.002,-62.59510012,-0.00000002,10,226,5.659911503,5.64857656,10.86676616,89.82617773,89.82591317,89.88867361,347.4114649,1.1084,1.73556,1.04957,0.00928,0.00862,-0.0124
/gpfs/scratch/vkb5066/tetraTetra/elas/x0625/2/p0.001,p0.001,-62.59543499,-0.00000055,12,226,5.659911518,5.665556194,10.86676624,89.82617747,89.82591368,89.88867435,348.4557879,-0.51601,-0.78446,-0.4989,0.00083,-0.00196,0.00539
/gpfs/scratch/vkb5066/tetraTetra/elas/x0625/2/p0.002,p0.002,-62.59521325,-0.00000095,14,226,5.659911524,5.671216072,10.86676626,89.82617703,89.82591385,89.88867438,348.8038956,-1.05115,-1.63506,-1.00924,-0.00432,-0.00585,0.00821
/gpfs/scratch/vkb5066/tetraTetra/elas/x0625/3/n0.001,n0.001,-62.59543176,-0.00000149,3,226,5.6599115,5.659896303,10.8558995,89.82617764,89.82591381,89.88867395,347.7595726,0.53449,0.53447,0.80836,-0.01051,0.00403,-0.00411
/gpfs/scratch/vkb5066/tetraTetra/elas/x0625/3/n0.002,n0.002,-62.5951266,-0.00000022,11,226,5.659911487,5.65989629,10.84503278,89.82617737,89.82591393,89.88867369,347.4114649,1.05725,1.05726,1.60082,-0.00118,0.00741,-0.00746
/gpfs/scratch/vkb5066/tetraTetra/elas/x0625/3/p0.001,p0.001,-62.59552421,-0.00000014,4,226,5.659911526,5.659896329,10.87763293,89.82617764,89.82591303,89.88867448,348.4557879,-0.49545,-0.49552,-0.78215,-0.0031,-0.00074,0.00053
/gpfs/scratch/vkb5066/tetraTetra/elas/x0625/3/p0.002,p0.002,-62.59531474,-0.00000054,5,226,5.659911539,5.659896342,10.88849964,89.82617739,89.82591239,89.88867475,348.8038956,-1.00619,-1.00628,-1.57084,-0.00023,-0.00049,0.00008
/gpfs/scratch/vkb5066/tetraTetra/elas/x0625/4/n0.001,n0.001,-62.59541316,-0.00000061,14,226,5.659913383,5.65991821,10.86680828,89.71158717,89.82602498,89.88884894,348.1076803,0.02358,0.02448,0.01574,-0.00649,0.69682,-0.00716
/gpfs/scratch/vkb5066/tetraTetra/elas/x0625/4/n0.002,n0.002,-62.59496429,-0.00000037,2,226,5.659919026,5.659949538,10.86686846,89.59699754,89.82613646,89.88902365,348.1076803,0.02841,0.02981,0.01938,-0.00633,1.39306,-0.00879
/gpfs/scratch/vkb5066/tetraTetra/elas/x0625/4/p0.001,p0.001,-62.59541455,-0.0000004,12,226,5.659913417,5.659883855,10.86674225,89.94076898,89.82580203,89.8884995,348.1076803,0.01281,0.01129,0.00654,0.00385,-0.69353,0.0017
/gpfs/scratch/vkb5066/tetraTetra/elas/x0625/4/p0.002,p0.002,-62.59496416,-0.00000044,15,226,5.659919093,5.659880826,10.86673641,89.94479134,89.82569056,89.88832478,348.1076803,0.00507,0.00166,0.0006,0.01278,-1.38899,0.00253
/gpfs/scratch/vkb5066/tetraTetra/elas/x0625/5/n0.001,n0.001,-62.59541474,-0.0000004,12,226,5.659898987,5.659898219,10.86674228,89.82606561,89.94050476,89.88850015,348.1076803,0.0121,0.01361,0.00704,0.00453,-0.00198,0.69237
/gpfs/scratch/vkb5066/tetraTetra/elas/x0625/5/n0.002,n0.002,-62.5949643,-0.00000026,2,226,5.659895894,5.659903896,10.86673645,89.82595348,89.94505556,89.88832609,348.1076803,0.00353,0.00785,0.00168,0.01125,-0.00434,1.38983
/gpfs/scratch/vkb5066/tetraTetra/elas/x0625/5/p0.001,p0.001,-62.59541293,-0.00000061,14,226,5.659933472,5.659898186,10.86680826,89.82628985,89.71132295,89.88884828,348.1076803,0.02379,0.02255,0.01513,-0.00684,0.00699,-0.69724
/gpfs/scratch/vkb5066/tetraTetra/elas/x0625/5/p0.002,p0.002,-62.59496418,-0.00000043,2,226,5.659964865,5.659903829,10.86686842,89.82640197,89.59673333,89.88902234,348.1076803,0.02885,0.02693,0.01872,-0.00722,0.00884,-1.39296
/gpfs/scratch/vkb5066/tetraTetra/elas/x0625/6/n0.001,n0.001,-62.59540194,-0.00000028,12,226,5.659905244,5.659889983,10.86676989,89.82600361,89.82573927,89.99688646,348.1076803,0.03149,0.03168,0.01367,0.7491,-0.00214,0.00226
/gpfs/scratch/vkb5066/tetraTetra/elas/x0625/6/n0.002,n0.002,-62.59491154,-0.00000056,13,226,5.659908408,5.659893083,10.8667808,89.8258295,89.82556503,89.88229489,348.1076803,0.04488,0.04519,0.01611,1.5051,-0.00755,0.00798
/gpfs/scratch/vkb5066/tetraTetra/elas/x0625/6/p0.001,p0.001,-62.59540258,-0.00000039,9,226,5.659927216,5.659912082,10.86676978,89.82635184,89.82608775,89.77408331,348.1076803,0.00558,0.00531,0.01002,-0.75616,0.00651,-0.00708
/gpfs/scratch/vkb5066/tetraTetra/elas/x0625/6/p0.002,p0.002,-62.59491405,-0.00000014,15,226,5.659952351,5.659937282,10.8667806,89.82652596,89.82626199,89.65949307,348.1076803,-0.00605,-0.0066,0.00984,-1.50266,0.01164,-0.01246
/gpfs/scratch/vkb5066/tetraTetra/elas/x0625/7/n0.001,n0.001,-62.59541391,-0.00000039,12,226,5.65425351,5.665558077,10.86676983,89.8261773,89.82591337,89.88867464,348.1076803,0.336,-0.24299,0.01739,0.00508,0.00371,0.0033
/gpfs/scratch/vkb5066/tetraTetra/elas/x0625/7/n0.002,n0.002,-62.59521788,-0.00000056,11,226,5.648599269,5.671223623,10.8667807,89.8261767,89.82591306,89.88867462,348.1076803,0.64654,-0.56085,0.01621,0.00526,0.00577,0.00224
/gpfs/scratch/vkb5066/tetraTetra/elas/x0625/7/p0.001,p0.001,-62.5954148,-0.00000039,12,226,5.665573289,5.654238328,10.86676983,89.82617798,89.82591347,89.88867335,348.1076803,-0.24678,0.33504,0.01682,0.00514,-0.00633,-0.00462
/gpfs/scratch/vkb5066/tetraTetra/elas/x0625/7/p0.002,p0.002,-62.5952181,-0.00000055,10,226,5.67123885,5.648584103,10.8667807,89.82617807,89.82591326,89.88867203,348.1076803,-0.56394,0.64588,0.01633,0.0051,-0.00468,-0.00662
/gpfs/scratch/vkb5066/tetraTetra/elas/x0625/8/n0.001,n0.001,-62.59549832,0.00000152,4,226,5.654253518,5.65989821,10.87763653,89.82617747,89.82591256,89.88867488,348.1076803,0.36749,0.04011,-0.26544,0.00505,0.00211,-0.00563
/gpfs/scratch/vkb5066/tetraTetra/elas/x0625/8/n0.002,n0.002,-62.59529871,-0.0000003,11,226,5.648599285,5.659903878,10.88851411,89.82617705,89.82591091,89.88867544,348.1076803,0.70219,0.06675,-0.54624,0.00383,0.00534,-0.00543
/gpfs/scratch/vkb5066/tetraTetra/elas/x0625/8/p0.001,p0.001,-62.59541411,-0.00000031,13,226,5.665573282,5.659898195,10.85590314,89.82617781,89.82591376,89.88867344,348.1076803,-0.275,-0.00493,0.29051,0.00438,-0.00538,-0.00077
/gpfs/scratch/vkb5066/tetraTetra/elas/x0625/8/p0.002,p0.002,-62.59521965,-0.00000054,14,226,5.671238835,5.659903847,10.84504729,89.82617772,89.82591332,89.88867256,348.1076803,-0.62055,-0.03047,0.56483,-0.00172,-0.00188,-0.00107
/gpfs/scratch/vkb5066/tetraTetra/elas/x0625/9/n0.001,n0.001,-62.59550021,-0.00000033,4,226,5.659913408,5.654238336,10.87763653,89.82617756,89.82591287,89.88867424,348.1076803,0.03994,0.36718,-0.26581,0.00515,0.00529,-0.00226
/gpfs/scratch/vkb5066/tetraTetra/elas/x0625/9/n0.002,n0.002,-62.59529874,-0.00000033,11,226,5.659919075,5.648584118,10.88851411,89.82617669,89.82591205,89.88867415,348.1076803,0.06686,0.70209,-0.5461,0.00406,0.00532,-0.00515
/gpfs/scratch/vkb5066/tetraTetra/elas/x0625/9/p0.001,p0.001,-62.595413,-0.00000076,10,226,5.659913392,5.665558069,10.85590314,89.8261772,89.82591398,89.88867409,348.1076803,-0.00046,-0.27068,0.29112,0.00449,0.0007,0.002
/gpfs/scratch/vkb5066/tetraTetra/elas/x0625/9/p0.002,p0.002,-62.59521949,-0.0000004,2,226,5.659919044,5.671223607,10.84504729,89.82617598,89.82591427,89.88867385,348.1076803,-0.0281,-0.6176,0.56526,-0.00179,0.00037,-0.00124
/gpfs/scratch/vkb5066/tetraTetra/elas/x0750/1/n0.001,n0.001,-63.37975737,-0.00000025,4,226,5.610674037,5.629186809,10.78870699,89.62118336,90.00006485,89.99871083,340.7380249,0.9158,0.58797,0.56595,-0.0007,0.00986,-0.00025
/gpfs/scratch/vkb5066/tetraTetra/elas/x0750/1/n0.002,n0.002,-63.37942001,-0.0000012,7,226,5.605057747,5.629186809,10.78870699,89.62118336,90.00006491,89.99871121,340.3969458,1.80098,1.15168,1.11041,-0.00026,0.00773,-0.00037
/gpfs/scratch/vkb5066/tetraTetra/elas/x0750/1/p0.001,p0.001,-63.3798539,-0.0000004,3,226,5.621906618,5.629186809,10.78870699,89.62118336,90.00006473,89.99871008,341.4201831,-0.86679,-0.51335,-0.49978,-0.00102,0.02008,-0.00004
/gpfs/scratch/vkb5066/tetraTetra/elas/x0750/1/p0.002,p0.002,-63.37962477,-0.00000116,11,226,5.627522908,5.629186809,10.78870699,89.62118336,90.00006467,89.9987097,341.7612622,-1.73816,-1.06201,-1.03008,-0.00077,0.00612,-0.00029
/gpfs/scratch/vkb5066/tetraTetra/elas/x0750/2/n0.001,n0.001,-63.37975159,-0.00000028,4,226,5.616290328,5.623557684,10.78870687,89.62118422,90.00006479,89.99871008,340.7380249,0.57746,0.9238,0.56104,-0.00083,0.01689,-0.00034
/gpfs/scratch/vkb5066/tetraTetra/elas/x0750/2/n0.002,n0.002,-63.37941465,-0.00000047,8,226,5.616290328,5.617928558,10.78870675,89.62118471,90.0000648,89.9987097,340.3969458,1.144,1.80223,1.09785,-0.0013,0.01166,-0.00057
/gpfs/scratch/vkb5066/tetraTetra/elas/x0750/2/p0.001,p0.001,-63.37986221,-0.00000033,3,226,5.616290328,5.634815935,10.78870711,89.62118212,90.00006479,89.99871083,341.4201831,-0.52425,-0.85191,-0.49411,-0.00098,0.01232,0
/gpfs/scratch/vkb5066/tetraTetra/elas/x0750/2/p0.002,p0.002,-63.37963731,-0.00000104,11,226,5.616290328,5.64044506,10.78870723,89.62118051,90.00006478,89.9987112,341.7612622,-1.07145,-1.7235,-1.0203,-0.00056,-0.00051,0.00004
/gpfs/scratch/vkb5066/tetraTetra/elas/x0750/3/n0.001,n0.001,-63.37975749,-0.00000207,4,226,5.616290328,5.629186748,10.7779184,89.62118212,90.00006473,89.99871045,340.7380249,0.55916,0.565,0.85358,-0.00109,0.01869,-0.00012
/gpfs/scratch/vkb5066/tetraTetra/elas/x0750/3/n0.002,n0.002,-63.37943973,-0.00000056,5,226,5.616290328,5.629186687,10.76712981,89.6211805,90.00006466,89.99871045,340.3969458,1.09901,1.09924,1.67728,-0.00066,0.01722,-0.00024
/gpfs/scratch/vkb5066/tetraTetra/elas/x0750/3/p0.001,p0.001,-63.3798719,-0.00000152,3,226,5.616290328,5.62918687,10.79949558,89.62118422,90.00006485,89.99871046,341.4201831,-0.50667,-0.4904,-0.79244,-0.00104,0.01211,-0.00009
/gpfs/scratch/vkb5066/tetraTetra/elas/x0750/3/p0.002,p0.002,-63.37966116,-0.0000004,4,226,5.616290328,5.629186932,10.81028417,89.62118471,90.00006491,89.99871046,341.7612622,-1.03392,-1.01251,-1.60254,-0.00089,0.01118,-0.00019
/gpfs/scratch/vkb5066/tetraTetra/elas/x0750/4/n0.001,n0.001,-63.37974196,-0.00000068,13,226,5.6162922,5.629228622,10.78878752,89.50659501,90.0000638,89.99871051,341.079104,0.0282,0.04318,0.03715,-0.00102,0.72559,-0.00024
/gpfs/scratch/vkb5066/tetraTetra/elas/x0750/4/n0.002,n0.002,-63.37927306,-0.00000091,15,226,5.616297816,5.629279816,10.78888604,89.3920084,90.00006281,89.99871057,341.079104,0.03441,0.05049,0.04198,-0.00156,1.43336,-0.00039
/gpfs/scratch/vkb5066/tetraTetra/elas/x0750/4/p0.001,p0.001,-63.37975774,-0.00000062,11,226,5.6162922,5.629154378,10.78864444,89.73577323,90.00006578,89.9987104,341.079104,0.0222,0.0278,0.02601,-0.00057,-0.70078,-0.00022
/gpfs/scratch/vkb5066/tetraTetra/elas/x0750/4/p0.002,p0.002,-63.37930738,-0.00000092,13,226,5.616297816,5.629131329,10.78859987,89.85036439,90.00006677,89.99871034,341.079104,0.01407,0.01578,0.01803,-0.00029,-1.41038,-0.00018
/gpfs/scratch/vkb5066/tetraTetra/elas/x0750/5/n0.001,n0.001,-63.37974714,-0.00000046,12,226,5.616295003,5.629188686,10.78871599,89.62118162,89.8854738,89.99833261,341.079104,0.02453,0.03442,0.0308,0.00619,0.01114,0.72454
/gpfs/scratch/vkb5066/tetraTetra/elas/x0750/5/n0.002,n0.002,-63.37927675,-0.00000054,13,226,5.616309039,5.629194316,10.78874298,89.62117988,89.77088304,89.99795477,341.079104,0.02166,0.03111,0.02836,0.01711,0.01031,1.4477
/gpfs/scratch/vkb5066/tetraTetra/elas/x0750/5/p0.001,p0.001,-63.37974502,-0.00000046,12,226,5.616295013,5.629188685,10.78871597,89.62118511,89.88549626,89.9990883,341.079104,0.02508,0.03556,0.03149,-0.00757,0.01127,-0.72478
/gpfs/scratch/vkb5066/tetraTetra/elas/x0750/5/p0.002,p0.002,-63.37927658,-0.00000028,16,226,5.616309059,5.629194314,10.78874293,89.62118685,89.7709055,89.99946614,341.079104,0.02335,0.0337,0.02975,-0.0169,0.01024,-1.4461
/gpfs/scratch/vkb5066/tetraTetra/elas/x0750/6/n0.001,n0.001,-63.37973434,-0.00000228,12,226,5.616294911,5.629191329,10.78871059,89.62118343,89.99970731,89.88685059,341.079104,0.02546,0.03519,0.03132,0.77972,0.01176,0.00636
/gpfs/scratch/vkb5066/tetraTetra/elas/x0750/6/n0.002,n0.002,-63.37924033,-0.00000087,12,226,5.616308855,5.629205231,10.78872138,89.62118349,89.99932737,89.77225981,341.079104,0.02528,0.03427,0.03118,1.55111,0.01126,0.01547
/gpfs/scratch/vkb5066/tetraTetra/elas/x0750/6/p0.001,p0.001,-63.37973161,-0.00000038,11,226,5.616295105,5.629191671,10.78871059,89.6211833,89.99968485,89.88411946,341.079104,0.02588,0.03646,0.03232,-0.77711,0.01236,-0.00672
/gpfs/scratch/vkb5066/tetraTetra/elas/x0750/6/p0.002,p0.002,-63.37923837,-0.00000265,11,226,5.616309243,5.629205915,10.78872138,89.62118323,89.99930491,89.76952871,341.079104,0.02444,0.03512,0.03129,-1.55353,0.01231,-0.01626
/gpfs/scratch/vkb5066/tetraTetra/elas/x0750/7/n0.001,n0.001,-63.37983622,-0.00000061,6,226,5.610675908,5.634817813,10.78871071,89.62118213,90.00006485,89.9987112,341.079104,0.3565,-0.29606,0.03531,-0.0004,0.00106,-0.00015
/gpfs/scratch/vkb5066/tetraTetra/elas/x0750/7/n0.002,n0.002,-63.37963066,-0.00000025,10,226,5.605065221,5.640452581,10.78872161,89.62118051,90.0000649,89.99871195,341.079104,0.67796,-0.62069,0.03995,-0.00046,0.008,-0.00002
/gpfs/scratch/vkb5066/tetraTetra/elas/x0750/7/p0.001,p0.001,-63.37982143,-0.00000051,10,226,5.621908492,5.623559558,10.78871047,89.62118423,90.00006473,89.9987097,341.079104,-0.30751,0.36311,0.02647,-0.00084,0.00758,-0.00055
/gpfs/scratch/vkb5066/tetraTetra/elas/x0750/7/p0.002,p0.002,-63.37961199,-0.00000095,11,226,5.627530412,5.617936049,10.78872114,89.62118471,90.00006468,89.99870894,341.079104,-0.6343,0.68383,0.02353,-0.00169,0.00581,-0.00066
/gpfs/scratch/vkb5066/tetraTetra/elas/x0750/8/n0.001,n0.001,-63.37983531,-0.00000022,5,226,5.610675908,5.629188747,10.79949918,89.62118422,90.00006491,89.99871083,341.079104,0.38115,0.05859,-0.25364,-0.0007,0.00969,-0.0002
/gpfs/scratch/vkb5066/tetraTetra/elas/x0750/8/n0.002,n0.002,-63.37963716,-0.0000006,8,226,5.605065221,5.629194437,10.81029858,89.62118471,90.00006503,89.99871121,341.079104,0.72585,0.08534,-0.54193,-0.0009,0.00424,-0.00022
/gpfs/scratch/vkb5066/tetraTetra/elas/x0750/8/p0.001,p0.001,-63.37982321,-0.00000088,3,226,5.621908492,5.629188624,10.777922,89.62118212,90.00006467,89.99871008,341.079104,-0.3344,0.01347,0.31505,-0.00122,0.02065,-0.00008
/gpfs/scratch/vkb5066/tetraTetra/elas/x0750/8/p0.002,p0.002,-63.3796189,-0.00000049,9,226,5.627530412,5.629194192,10.76714417,89.6211805,90.00006455,89.9987097,341.079104,-0.68168,-0.0069,0.60174,-0.00076,0.00978,-0.00019
/gpfs/scratch/vkb5066/tetraTetra/elas/x0750/9/n0.001,n0.001,-63.37983249,-0.00000034,5,226,5.6162922,5.623559619,10.79949906,89.62118471,90.00006485,89.99871008,341.079104,0.04343,0.39461,-0.25749,-0.00082,0.01692,-0.00031
/gpfs/scratch/vkb5066/tetraTetra/elas/x0750/9/n0.002,n0.002,-63.37962646,-0.00000067,8,226,5.616297816,5.617936171,10.81029835,89.62118453,90.00006492,89.9987097,341.079104,0.06731,0.74023,-0.55091,-0.00124,0.01093,-0.00058
/gpfs/scratch/vkb5066/tetraTetra/elas/x0750/9/p0.001,p0.001,-63.37983117,-0.00000032,5,226,5.6162922,5.634817752,10.77792211,89.62118051,90.00006472,89.99871083,341.079104,0.00763,-0.32413,0.32076,-0.00074,0.01007,-0.00011
/gpfs/scratch/vkb5066/tetraTetra/elas/x0750/9/p0.002,p0.002,-63.37962165,-0.00000073,8,226,5.616297816,5.640452459,10.76714441,89.62117613,90.00006466,89.9987112,341.079104,-0.00768,-0.68105,0.61001,-0.0006,0.00343,0.00004
/gpfs/scratch/vkb5066/tetraTetra/elas/x0875/1/n0.001,n0.001,-64.1526087,-0.00000086,2,226,5.579398007,5.584993076,10.71860003,89.80595481,89.80558945,89.95456462,333.9972719,0.93782,0.58628,0.56109,-0.01188,-0.00092,-0.00333
/gpfs/scratch/vkb5066/tetraTetra/elas/x0875/1/n0.002,n0.002,-64.15227005,-0.00000028,10,226,5.573813041,5.584993075,10.7186,89.80595488,89.80558899,89.95456394,333.6629403,1.84088,1.16879,1.10945,-0.01788,-0.0009,-0.0022
/gpfs/scratch/vkb5066/tetraTetra/elas/x0875/1/p0.001,p0.001,-64.15271458,-0.00000083,2,226,5.590567939,5.584993078,10.71860009,89.80595465,89.80558979,89.95456584,334.6659351,-0.90941,-0.55731,-0.53194,0.00842,0.00121,0.00214
/gpfs/scratch/vkb5066/tetraTetra/elas/x0875/1/p0.002,p0.002,-64.15248221,-0.00000075,11,226,5.596152905,5.584993079,10.71860012,89.80595458,89.80558966,89.95456638,335.0002667,-1.80798,-1.12374,-1.07161,0.01228,-0.00032,0.00504
/gpfs/scratch/vkb5066/tetraTetra/elas/x0875/2/n0.001,n0.001,-64.15260869,-0.0000018,2,226,5.584982972,5.579408101,10.71860003,89.80595479,89.80558979,89.95456551,333.9972719,0.58677,0.93865,0.56154,-0.01194,0.00297,0.0006
/gpfs/scratch/vkb5066/tetraTetra/elas/x0875/2/n0.002,n0.002,-64.15226995,-0.00000027,10,226,5.584982971,5.573823125,10.7186,89.80595467,89.80558987,89.95456572,333.6629403,1.16885,1.8416,1.10952,-0.01805,0.00167,0.00045
/gpfs/scratch/vkb5066/tetraTetra/elas/x0875/2/p0.001,p0.001,-64.15271461,-0.00000083,2,226,5.584982973,5.590578053,10.71860009,89.80595447,89.80558964,89.95456495,334.6659351,-0.5576,-0.90989,-0.5322,0.00844,-0.00254,-0.00161
/gpfs/scratch/vkb5066/tetraTetra/elas/x0875/2/p0.002,p0.002,-64.15248163,-0.00000061,2,226,5.584982974,5.59616303,10.71860012,89.80595402,89.80558956,89.9545646,335.0002667,-1.11948,-1.81082,-1.06725,0.01459,-0.00511,-0.00129
/gpfs/scratch/vkb5066/tetraTetra/elas/x0875/3/n0.001,n0.001,-64.15261336,-0.00000139,3,226,5.584982956,5.584993061,10.70788152,89.80595439,89.80558971,89.95456558,333.9972719,0.55633,0.55632,0.85787,0.00353,0.00014,-0.0003
/gpfs/scratch/vkb5066/tetraTetra/elas/x0875/3/n0.002,n0.002,-64.15228999,-0.00000047,4,226,5.58498294,5.584993045,10.69716298,89.80595386,89.80558951,89.95456591,333.6629403,1.10659,1.10656,1.70594,0.00304,-0.00071,0.00059
/gpfs/scratch/vkb5066/tetraTetra/elas/x0875/3/p0.001,p0.001,-64.15272402,-0.00000134,3,226,5.584982989,5.584993093,10.7293186,89.80595487,89.80558953,89.95456492,334.6659351,-0.52924,-0.52917,-0.83691,-0.00743,-0.00209,0.00169
/gpfs/scratch/vkb5066/tetraTetra/elas/x0875/3/p0.002,p0.002,-64.15251495,-0.00000033,5,226,5.584983005,5.584993109,10.74003713,89.80595482,89.80558915,89.95456459,335.0002667,-1.06605,-1.06596,-1.66958,-0.00679,-0.00013,-0.00043
/gpfs/scratch/vkb5066/tetraTetra/elas/x0875/4/n0.001,n0.001,-64.15260165,-0.00000034,4,226,5.584984842,5.58501663,10.71864533,89.69136433,89.80554425,89.95437075,334.3316035,0.01083,0.0162,0.01203,-0.00644,0.74559,0.00417
/gpfs/scratch/vkb5066/tetraTetra/elas/x0875/4/n0.002,n0.002,-64.15214005,-0.00000071,10,226,5.584990434,5.585049492,10.71870848,89.57677494,89.80549879,89.95417625,334.3316035,0.00988,0.01636,0.00875,-0.01258,1.48553,0.0114
/gpfs/scratch/vkb5066/tetraTetra/elas/x0875/4/p0.001,p0.001,-64.15260405,-0.00000028,4,226,5.584984827,5.584978832,10.71857264,89.9205459,89.80563518,89.95475975,334.3316035,0.01284,0.00738,0.01102,0.00195,-0.74851,-0.0026
/gpfs/scratch/vkb5066/tetraTetra/elas/x0875/4/p0.002,p0.002,-64.1521382,-0.00000048,5,226,5.584990404,5.584973896,10.71856309,89.96501441,89.80568064,89.95495425,334.3316035,0.01153,0.00176,0.01,0.0053,-1.48363,-0.01044
/gpfs/scratch/vkb5066/tetraTetra/elas/x0875/5/n0.001,n0.001,-64.15260426,-0.0000002,2,226,5.58496866,5.584994931,10.71857264,89.8059993,89.92018089,89.95475906,334.3316035,0.00771,0.01279,0.01128,0.001,0.00301,0.74547
/gpfs/scratch/vkb5066/tetraTetra/elas/x0875/5/n0.002,n0.002,-64.15213818,-0.0000005,5,226,5.584963656,5.585000509,10.71856308,89.80604387,89.96537943,89.95495286,334.3316035,0.001,0.01136,0.00998,0.00514,0.01,1.48481
/gpfs/scratch/vkb5066/tetraTetra/elas/x0875/5/p0.001,p0.001,-64.15260189,-0.00000055,12,226,5.585006593,5.584994946,10.71864534,89.80591016,89.69099932,89.95437145,334.3316035,0.01574,0.01158,0.01201,-0.00739,-0.00458,-0.74051
/gpfs/scratch/vkb5066/tetraTetra/elas/x0875/5/p0.002,p0.002,-64.15213771,-0.00000044,2,226,5.585039522,5.585000539,10.71870849,89.80586559,89.57640993,89.95417765,334.3316035,0.01778,0.01064,0.01032,-0.01147,-0.01229,-1.47901
/gpfs/scratch/vkb5066/tetraTetra/elas/x0875/6/n0.001,n0.001,-64.15259004,-0.00000022,2,226,5.58499209,5.585002108,10.71860369,89.80576049,89.80539551,89.83997409,334.3316035,-0.00491,-0.00498,0.01688,0.80584,-0.00427,0.00403
/gpfs/scratch/vkb5066/tetraTetra/elas/x0875/6/n0.002,n0.002,-64.15208739,-0.00000039,6,226,5.585010516,5.585020447,10.71861447,89.80556625,89.80520131,89.72538334,334.3316035,-0.02117,-0.02141,0.02457,1.61525,-0.01056,0.01022
/gpfs/scratch/vkb5066/tetraTetra/elas/x0875/6/p0.001,p0.001,-64.15258839,-0.00000036,2,226,5.584983163,5.584993354,10.71860357,89.80614897,89.80578392,89.93099544,334.3316035,0.02923,0.0294,0.00652,-0.80983,0.00227,-0.00285
/gpfs/scratch/vkb5066/tetraTetra/elas/x0875/6/p0.002,p0.002,-64.15208559,-0.00000085,6,226,5.584992662,5.58500294,10.71861423,89.80634321,89.80597813,89.81640415,334.3316035,0.04431,0.04458,-0.002,-1.61897,0.0056,-0.00631
/gpfs/scratch/vkb5066/tetraTetra/elas/x0875/7/n0.001,n0.001,-64.15268763,-0.00000043,8,226,5.579399867,5.590579916,10.71860363,89.80595455,89.80558937,89.95456427,334.3316035,0.34937,-0.32905,0.00986,-0.00336,-0.00641,-0.00246
/gpfs/scratch/vkb5066/tetraTetra/elas/x0875/7/n0.002,n0.002,-64.15247558,-0.00000032,9,226,5.573820474,5.596170489,10.71861435,89.80595417,89.80558883,89.95456311,334.3316035,0.68194,-0.66595,0.01233,-0.00262,-0.00363,-0.00028
/gpfs/scratch/vkb5066/tetraTetra/elas/x0875/7/p0.001,p0.001,-64.15268771,-0.00000043,8,226,5.590569801,5.579409961,10.71860363,89.80595472,89.80558986,89.95456605,334.3316035,-0.32795,0.35053,0.01071,-0.00358,0.00189,0.00607
/gpfs/scratch/vkb5066/tetraTetra/elas/x0875/7/p0.002,p0.002,-64.15247563,-0.00000032,9,226,5.596160364,5.573830558,10.71861435,89.80595451,89.80558982,89.95456667,334.3316035,-0.66528,0.6826,0.01233,-0.00296,-0.00041,0.00335
/gpfs/scratch/vkb5066/tetraTetra/elas/x0875/8/n0.001,n0.001,-64.15268732,-0.00000024,4,226,5.579399883,5.584994954,10.72932214,89.80595495,89.80558907,89.95456429,334.3316035,0.38619,0.03821,-0.28762,-0.01415,-0.00228,-0.00276
/gpfs/scratch/vkb5066/tetraTetra/elas/x0875/8/n0.002,n0.002,-64.15248505,-0.00000049,8,226,5.573820505,5.585000554,10.74005139,89.80595497,89.80558764,89.95456328,334.3316035,0.74627,0.06854,-0.59277,-0.02225,-0.0017,-0.0032
/gpfs/scratch/vkb5066/tetraTetra/elas/x0875/8/p0.001,p0.001,-64.15268333,-0.0000016,3,226,5.590569786,5.584994924,10.70788512,89.80595432,89.80558959,89.95456617,334.3316035,-0.36513,-0.01395,0.30895,0.01441,0.0017,0.00193
/gpfs/scratch/vkb5066/tetraTetra/elas/x0875/8/p0.002,p0.002,-64.15247372,-0.00000047,9,226,5.596160334,5.585000493,10.69717731,89.80595371,89.80558868,89.95456704,334.3316035,-0.73194,-0.03883,0.60826,0.01919,-0.00105,0.00631
/gpfs/scratch/vkb5066/tetraTetra/elas/x0875/9/n0.001,n0.001,-64.15268733,-0.00000024,5,226,5.584984849,5.579409977,10.72932214,89.80595474,89.80558961,89.95456518,334.3316035,0.03874,0.38709,-0.28679,-0.01422,0.0023,0.00186
/gpfs/scratch/vkb5066/tetraTetra/elas/x0875/9/n0.002,n0.002,-64.15248495,-0.00000051,8,226,5.58499045,5.573830588,10.74005139,89.80595398,89.8055893,89.95456506,334.3316035,0.06875,0.74688,-0.59257,-0.02248,0.00239,0.00103
/gpfs/scratch/vkb5066/tetraTetra/elas/x0875/9/p0.001,p0.001,-64.15268353,-0.00000159,3,226,5.584984819,5.590579901,10.70788512,89.80595394,89.80558963,89.95456528,334.3316035,-0.01378,-0.36521,0.30946,0.01444,-0.00208,-0.00188
/gpfs/scratch/vkb5066/tetraTetra/elas/x0875/9/p0.002,p0.002,-64.15247356,-0.00000049,9,226,5.584990389,5.596170459,10.69717731,89.80595238,89.80558935,89.95456526,334.3316035,-0.03876,-0.73241,0.60837,0.01936,-0.00641,0.0007
/gpfs/scratch/vkb5066/tetraTetra/elas/x1000/1/n0.001,n0.001,-64.94236782,-0.00000041,2,226,5.543548176,5.549066192,10.64435311,89.99981067,90.00005147,89.99959223,327.436436,0.95716,0.60589,0.58044,-0.00034,0.00012,-0.00004
/gpfs/scratch/vkb5066/tetraTetra/elas/x1000/1/n0.002,n0.002,-64.94202049,-0.0000014,5,226,5.537999079,5.549066192,10.64435311,89.99981067,90.000048,89.9996024,327.1086718,1.8881,1.20149,1.13654,-0.00081,-0.00004,-0.00046
/gpfs/scratch/vkb5066/tetraTetra/elas/x1000/1/p0.001,p0.001,-64.94248325,-0.00000047,3,226,5.554646371,5.549066192,10.64435311,89.99981067,90.0000584,89.99957192,328.0919644,-0.92525,-0.57199,-0.53612,-0.00059,0.00026,0.00019
/gpfs/scratch/vkb5066/tetraTetra/elas/x1000/1/p0.002,p0.002,-64.94225817,-0.00000104,7,226,5.560195468,5.549066192,10.64435311,89.99981067,90.00006185,89.99956178,328.4197286,-1.85029,-1.15501,-1.09183,-0.00122,0.00053,-0.00019
/gpfs/scratch/vkb5066/tetraTetra/elas/x1000/2/n0.001,n0.001,-64.94236759,-0.00000037,2,226,5.549097273,5.543517126,10.64435311,89.99980242,90.00005493,89.99957191,327.436436,0.60504,0.95769,0.58028,-0.00048,0.00015,0.00006
/gpfs/scratch/vkb5066/tetraTetra/elas/x1000/2/n0.002,n0.002,-64.94201992,-0.0000012,5,226,5.549097273,5.53796806,10.64435311,89.99979415,90.00005493,89.99956174,327.1086718,1.19947,1.88886,1.13593,-0.00131,0.00019,-0.00055
/gpfs/scratch/vkb5066/tetraTetra/elas/x1000/2/p0.001,p0.001,-64.94248314,-0.00000048,3,226,5.549097273,5.554615258,10.64435311,89.99981892,90.00005494,89.99959222,328.0919644,-0.57306,-0.92483,-0.53644,-0.00051,0.00026,0.00011
/gpfs/scratch/vkb5066/tetraTetra/elas/x1000/2/p0.002,p0.002,-64.94225888,-0.00000121,7,226,5.549097273,5.560164324,10.64435311,89.99982715,90.00005494,89.99960236,328.4197286,-1.1559,-1.84861,-1.09157,-0.00074,0.0003,-0.00011
/gpfs/scratch/vkb5066/tetraTetra/elas/x1000/3/n0.001,n0.001,-64.94236937,-0.00000155,3,226,5.549097273,5.549066192,10.63370876,89.99981892,90.0000584,89.99958207,327.436436,0.56637,0.56713,0.87532,-0.00091,0.00012,0
/gpfs/scratch/vkb5066/tetraTetra/elas/x1000/3/n0.002,n0.002,-64.94203957,-0.00000036,5,226,5.549097273,5.549066192,10.6230644,89.99982719,90.00006187,89.99958207,327.1086718,1.13218,1.13302,1.74833,-0.00131,0.00006,-0.00009
/gpfs/scratch/vkb5066/tetraTetra/elas/x1000/3/p0.001,p0.001,-64.94248967,-0.00000123,3,226,5.549097273,5.549066192,10.65499746,89.99980243,90.00005147,89.99958207,328.0919644,-0.53944,-0.5387,-0.85069,-0.00035,0.00029,0.0001
/gpfs/scratch/vkb5066/tetraTetra/elas/x1000/3/p0.002,p0.002,-64.94228512,-0.00000014,4,226,5.549097273,5.549066192,10.66564182,89.99979419,90.00004802,89.99958207,328.4197286,-1.08701,-1.08622,-1.70554,-0.00018,0.0004,0.00016
/gpfs/scratch/vkb5066/tetraTetra/elas/x1000/4/n0.001,n0.001,-64.94236389,-0.00000037,10,226,5.549099123,5.549071641,10.6443605,89.88521906,90.00004527,89.99958556,327.7642002,0.01664,0.01807,0.02107,-0.0019,0.75659,-0.00028
/gpfs/scratch/vkb5066/tetraTetra/elas/x1000/4/n0.002,n0.002,-64.94189961,-0.00000105,11,226,5.549104672,5.549086338,10.64438563,89.77062767,90.00003561,89.99958906,327.7642002,0.01022,0.00985,0.01312,-0.00398,1.51047,-0.0018
/gpfs/scratch/vkb5066/tetraTetra/elas/x1000/4/p0.001,p0.001,-64.94236416,-0.00000038,10,226,5.549099123,5.549069992,10.64436346,89.88574975,90.00006459,89.99957859,327.7642002,0.01649,0.01789,0.02078,-0.00181,-0.75579,-0.00073
/gpfs/scratch/vkb5066/tetraTetra/elas/x1000/4/p0.002,p0.002,-64.94189955,-0.00000052,2,226,5.549104672,5.54908304,10.64439156,89.77115836,90.00007425,89.99957512,327.7642002,0.01117,0.01063,0.01436,-0.00186,-1.51256,-0.00024
/gpfs/scratch/vkb5066/tetraTetra/elas/x1000/5/n0.001,n0.001,-64.94236453,-0.00000045,10,226,5.54910156,5.549068042,10.64436262,89.99980002,89.88550549,89.99957355,327.7642002,0.01288,0.01484,0.01767,-0.00204,0.0006,0.75476
/gpfs/scratch/vkb5066/tetraTetra/elas/x1000/5/n0.002,n0.002,-64.94189985,-0.00000112,3,226,5.549115096,5.549073591,10.64438987,89.99978936,89.7709141,89.99956502,327.7642002,0.00717,0.01063,0.01241,-0.00306,-0.0005,1.51775
/gpfs/scratch/vkb5066/tetraTetra/elas/x1000/5/p0.001,p0.001,-64.94236337,-0.00000061,9,226,5.549102235,5.549068042,10.64436134,89.99982132,89.88546332,89.99959058,327.7642002,0.0125,0.01396,0.01598,-0.00133,0.00045,-0.7604
/gpfs/scratch/vkb5066/tetraTetra/elas/x1000/5/p0.002,p0.002,-64.94189859,-0.00000048,2,226,5.549116445,5.549073591,10.64438731,89.99983196,89.77087193,89.99959908,327.7642003,0.01022,0.01373,0.01522,-0.00181,0.00056,-1.51415
/gpfs/scratch/vkb5066/tetraTetra/elas/x1000/6/n0.001,n0.001,-64.94235147,-0.00000089,11,226,5.549102833,5.549069785,10.64435666,89.99981412,90.00006292,89.88597835,327.7642002,0.01174,0.01313,0.01663,0.82966,0.00016,-0.00061
/gpfs/scratch/vkb5066/tetraTetra/elas/x1000/6/n0.002,n0.002,-64.941844,-0.00000152,3,226,5.549117642,5.549082626,10.6443673,89.99981757,90.00007091,89.77138696,327.7642003,0.01185,0.01295,0.01453,1.66384,-0.00016,-0.00089
/gpfs/scratch/vkb5066/tetraTetra/elas/x1000/6/p0.001,p0.001,-64.94234913,-0.00000016,2,226,5.549100962,5.549071848,10.64435666,89.99980724,90.00004695,89.88499046,327.7642002,0.01366,0.01518,0.01834,-0.83645,0.00049,-0.00007
/gpfs/scratch/vkb5066/tetraTetra/elas/x1000/6/p0.002,p0.002,-64.9418413,-0.00000281,11,226,5.549113899,5.549086752,10.6443673,89.99980381,90.00003897,89.77039907,327.7642002,0.01009,0.01203,0.0177,-1.6642,0.00036,-0.00017
/gpfs/scratch/vkb5066/tetraTetra/elas/x1000/7/n0.001,n0.001,-64.9424522,-0.00000124,6,226,5.543550024,5.55461711,10.64435666,89.99981892,90.00005147,89.99960238,327.7642002,0.35547,-0.32527,0.01303,-0.00089,0.00006,-0.00057
/gpfs/scratch/vkb5066/tetraTetra/elas/x1000/7/n0.002,n0.002,-64.94224602,-0.00000342,7,226,5.538006463,5.560171738,10.6443673,89.99982715,90.000048,89.99962269,327.7642002,0.68811,-0.66497,0.01103,-0.0008,-0.00017,-0.00033
/gpfs/scratch/vkb5066/tetraTetra/elas/x1000/7/p0.001,p0.001,-64.94245163,-0.00000112,6,226,5.554648222,5.543518974,10.64435666,89.99980242,90.00005839,89.99956176,327.7642002,-0.32916,0.35463,0.01077,-0.00165,0.00041,-0.00082
/gpfs/scratch/vkb5066/tetraTetra/elas/x1000/7/p0.002,p0.002,-64.94224469,-0.00000327,7,226,5.560202881,5.537975444,10.6443673,89.99979415,90.00006185,89.99954144,327.7642002,-0.66708,0.69052,0.01125,-0.00257,0.00085,-0.00111
/gpfs/scratch/vkb5066/tetraTetra/elas/x1000/8/n0.001,n0.001,-64.9424523,-0.00000116,3,226,5.543550024,5.549068042,10.65500102,89.99980243,90.00004801,89.99959223,327.7642002,0.39715,0.04784,-0.29011,-0.00034,0.00023,-0.00006
/gpfs/scratch/vkb5066/tetraTetra/elas/x1000/8/n0.002,n0.002,-64.94224579,-0.00000102,7,226,5.538006463,5.549073591,10.66565604,89.99979419,90.00004108,89.9996024,327.7642002,0.76107,0.08726,-0.59973,-0.00139,0.00024,-0.00082
/gpfs/scratch/vkb5066/tetraTetra/elas/x1000/8/p0.001,p0.001,-64.94244928,-0.00000183,3,226,5.554648222,5.549068042,10.6337123,89.99981892,90.00006186,89.99957192,327.7642002,-0.36977,-0.01667,0.32892,-0.00086,0.0002,0.00014
/gpfs/scratch/vkb5066/tetraTetra/elas/x1000/8/p0.002,p0.002,-64.94223775,-0.00000044,7,226,5.560202881,5.549073591,10.62307857,89.99982719,90.00006879,89.99956178,327.7642002,-0.74291,-0.04868,0.6299,-0.00247,0.00044,-0.00022
/gpfs/scratch/vkb5066/tetraTetra/elas/x1000/9/n0.001,n0.001,-64.94245196,-0.00000112,3,226,5.549099123,5.543518974,10.65500102,89.99979417,90.00005147,89.99957191,327.7642002,0.0467,0.39755,-0.29068,-0.00038,0.0002,0.00005
/gpfs/scratch/vkb5066/tetraTetra/elas/x1000/9/n0.002,n0.002,-64.94224395,-0.00000049,6,226,5.549104672,5.537975444,10.66565604,89.99977767,90.00004802,89.99956174,327.7642002,0.07815,0.76484,-0.6011,-0.00041,0.00026,-0.00038
/gpfs/scratch/vkb5066/tetraTetra/elas/x1000/9/p0.001,p0.001,-64.94244934,-0.00000187,3,226,5.549099123,5.55461711,10.6337123,89.99982717,90.0000584,89.99959222,327.7642002,-0.01757,-0.36914,0.32856,-0.00081,0.00021,0.00007
/gpfs/scratch/vkb5066/tetraTetra/elas/x1000/9/p0.002,p0.002,-64.9422382,-0.00000053,7,226,5.549104672,5.560171738,10.62307857,89.99984367,90.00006187,89.99960236,327.7642002,-0.05032,-0.74186,0.62961,-0.00224,0.00024,-0.00014
